Workbook

Sheet Overview
B2: Model Evaluation
B3: Evaluation of the HAG meta-algorithm on the Heart-Disease dataset · 10 objects · 13 features · 2 classes
B5: Workbook map
B6: # | C6: Sheet | D6: Stage | E6: What it contains
B7: 1 | C7: Dataset | D7: 1 · Input data | E7: Original sample: 10 objects (S₁–S₁₀) × 13 features (x₁–x₁₃) with class labels (K1 = 4, K2 = 6); feature-type flags (1 = quantitative, 0 = nominal) and the split into 6 quantitative and 7 nominal features.
B8: 2 | C8: Quantitative | D8: 2 · Feature analysis | E8: Quantitative features: Criterion 1 boundary values and weights, per-feature class-sorted tables, conversion to a nominal scale, gradations, weights and contributions of gradations, and the features expressed as contribution values.
B9: 3 | C9: Nominal | D9: 2 · Feature analysis | E9: Nominal features: class-sorted table, gradations with a helper list, gradation parameters, λ, β and weight ω of each feature, contributions of gradations, and the features expressed as contribution values.
B10: 4 | C10: Dataset (Contribution & Weight) | D10: 3 · Weighted dataset | E10: All 13 features expressed as contribution values, with the weight of every feature and its rank (1 = highest weight).
B11: 5 | C11: Brace for Meta-algorithm | D11: 4 · Preparation | E11: Meta-dataset of 5 initial features y₀–y₄ (from x₃, x₆, x₁₃, x₄, x₉) and 4 latent features r₁–r₄; encoding of the new object (Criterion 1 on x₄, the only quantitative feature in the SET); training dataset — full, sorted by class, and split into its original and latent (additional) parts.
B12: 6 | C12: Meta-algorithm | D12: 5 · Classification | E12: Meta-algorithm applied to the new object: Step 1 organiser of GA, repeated Steps 2–3 (original-feature and latent-sign conditions, STEP 3 check), Step 4 class computation and Step 5 end.
B13: 7 | C13: Margin Analysis | D13: 6 · Evaluation | E13: Margins of the latent (additional) training dataset with and without majorizer functions: classification rule and margin definition, decision boundary (margin midpoint), left / right margin boundaries and margin width for r₁–r₄, object margins, four scatter charts, and the margin-width comparison.
B14: 8 | C14: Accuracy | D14: 6 · Evaluation | E14: Accuracy definition: Accuracy = (TP + TN) / (TP + TN + FP + FN).
B15: 9 | C15: Confusion Matrix | D15: 6 · Evaluation | E15: Reserved for the confusion matrix — the sheet is empty in the original workbook.
B16: 10 | C16: Precision, Recall, F1 Score | D16: 6 · Evaluation | E16: Reserved for precision, recall and F1 score — the sheet is empty in the original workbook.
B17: 11 | C17: ROC Curve & AUC | D17: 6 · Evaluation | E17: Reserved for the ROC curve and AUC — the sheet is empty in the original workbook.
B19: Key figures
B20: # | C20: Figure | D20: Value | E20: Linked to
B21: 1 | C21: Objects (samples) | D21: =COUNT(Dataset!O3:O12) -> 10 | E21: Dataset · O3:O12
B22: 2 | C22: Features in the original dataset | D22: =COUNT(Dataset!B3:N3) -> 13 | E22: Dataset · B3:N3
B23: 3 | C23: Classes | D23: =SUMPRODUCT(1/COUNTIF(Dataset!O3:O12,Dataset!O3:O12)) -> 2 | E23: Dataset · O3:O12
B24: 4 | C24: Objects in class 1 (K1) | D24: =COUNTIF(Dataset!O3:O12,1) -> 4 | E24: Dataset · O3:O12
B25: 5 | C25: Objects in class 2 (K2) | D25: =COUNTIF(Dataset!O3:O12,2) -> 6 | E25: Dataset · O3:O12
B26: 6 | C26: Quantitative features | D26: =Dataset!F17 -> 6 | E26: Dataset · F17
B27: 7 | C27: Nominal features | D27: =Dataset!P17 -> 7 | E27: Dataset · P17
B28: 8 | C28: Initial features in the meta-dataset | D28: ='Brace for Meta-algorithm'!E14 -> 5 | E28: Brace for Meta-algorithm · E14
B29: 9 | C29: Latent (additional) features | D29: ='Brace for Meta-algorithm'!M14 -> 4 | E29: Brace for Meta-algorithm · M14
B30: 10 | C30: Features in the meta-dataset | D30: =D28+D29 -> 9 | E30: D28 + D29 (initial + latent)
B31: 11 | C31: Class assigned to the new object | D31: ='Meta-algorithm'!C223 -> Class 2 | E31: Meta-algorithm · C223 (Step 4)
B33: Margin width — with vs without majorizer functions
B34: # | C34: Latent feature | D34: With majorizer | E34: Without majorizer
B35: 1 | C35: r₁ (Margin Analysis · B169 / B170) | D35: ='Margin Analysis'!B169 -> 0.38866657 | E35: ='Margin Analysis'!B170 -> -0.4765873
B36: 2 | C36: r₂ (Margin Analysis · C169 / C170) | D36: ='Margin Analysis'!C169 -> 0.95969031 | E36: ='Margin Analysis'!C170 -> -0.75007143
B37: 3 | C37: r₃ (Margin Analysis · D169 / D170) | D37: ='Margin Analysis'!D169 -> 1.3640894 | E37: ='Margin Analysis'!D170 -> -0.81271648
B38: 4 | C38: r₄ (Margin Analysis · E169 / E170) | D38: ='Margin Analysis'!E169 -> 1.9905541 | E38: ='Margin Analysis'!E170 -> -1.1663322
B40: Colour legend
B41: Aa | C41: Sheet title / main table title
B42: Aa | C42: Section title, Step / STEP box
B43: Aa | C43: Column header (feature symbols x, y, r, a, d …)
B44: Aa | C44: Object label S₁…S₁₀ and row captions
B45: Aa | C45: Quantitative feature values
B46: Aa | C46: Nominal feature values / new-object values
B47: Aa | C47: Class label (1 / 2)
B48: Aa | C48: Selected feature / highlighted result
B49: Aa | C49: Initial (original) features in the meta-dataset · margin-diagram labels
B50: Aa | C50: Additional (latent) features / latent training values
B51: Aa | C51: Final result — class assigned to the new object
B52: Aa | C52: Key label (counts, sign / colour keys)
B54: Notes
B55: • Symbols such as x₁, S₁, ω_c, η_c, a_i and d_i in the sheets are Office-Math equation objects placed over the cells; they display fully in Excel for Windows / Mac.
B56: • All numbers, formulas and results are identical to the original workbook; only formatting, colours, print setup and this Overview sheet were added. Numbers keep the original General display.
B57: • Every sheet is set up to print landscape on A4, one page wide, with the workbook name, sheet name and page numbers in the header / footer.

Sheet Dataset
A1: Heart + Disease (10, 13, 2)
A2: № | O2: Class | Q2: K1 = 4
B3: 70 | C3: 1 | D3: 4 | E3: 130 | F3: 322 | G3: 0 | H3: 2 | I3: 109 | J3: 0 | K3: 2.4 | L3: 2 | M3: 3 | N3: 3 | O3: 2 | Q3: K2 = 6
B4: 67 | C4: 0 | D4: 3 | E4: 115 | F4: 564 | G4: 0 | H4: 2 | I4: 160 | J4: 0 | K4: 1.6 | L4: 2 | M4: 0 | N4: 7 | O4: 1
B5: 57 | C5: 1 | D5: 2 | E5: 124 | F5: 261 | G5: 0 | H5: 0 | I5: 141 | J5: 0 | K5: 0.3 | L5: 1 | M5: 0 | N5: 7 | O5: 2 | Q5: Sign of Quantitative Features - | T5: 1
B6: 64 | C6: 1 | D6: 4 | E6: 128 | F6: 263 | G6: 0 | H6: 0 | I6: 105 | J6: 1 | K6: 0.2 | L6: 2 | M6: 1 | N6: 7 | O6: 1 | Q6: Sign of Nominal Features - | T6: 0
B7: 74 | C7: 0 | D7: 2 | E7: 120 | F7: 269 | G7: 0 | H7: 2 | I7: 121 | J7: 1 | K7: 0.2 | L7: 1 | M7: 1 | N7: 3 | O7: 1
B8: 65 | C8: 1 | D8: 4 | E8: 120 | F8: 177 | G8: 0 | H8: 0 | I8: 140 | J8: 0 | K8: 0.4 | L8: 1 | M8: 0 | N8: 7 | O8: 1
B9: 56 | C9: 1 | D9: 3 | E9: 130 | F9: 256 | G9: 1 | H9: 2 | I9: 142 | J9: 1 | K9: 0.6 | L9: 2 | M9: 1 | N9: 6 | O9: 2
B10: 59 | C10: 1 | D10: 4 | E10: 110 | F10: 239 | G10: 0 | H10: 2 | I10: 142 | J10: 1 | K10: 1.2 | L10: 2 | M10: 1 | N10: 7 | O10: 2
B11: 60 | C11: 1 | D11: 4 | E11: 140 | F11: 293 | G11: 0 | H11: 2 | I11: 170 | J11: 0 | K11: 1.2 | L11: 2 | M11: 2 | N11: 7 | O11: 2
B12: 63 | C12: 0 | D12: 4 | E12: 150 | F12: 407 | G12: 0 | H12: 2 | I12: 154 | J12: 0 | K12: 4 | L12: 2 | M12: 3 | N12: 7 | O12: 2
B13: 1 | C13: 0 | D13: 0 | E13: 1 | F13: 1 | G13: 0 | H13: 0 | I13: 1 | J13: 0 | K13: 1 | L13: 0 | M13: 1 | N13: 0
B17: Total Number of Quantitative Features - | F17: 6 | L17: Total Number of Nominal Features - | P17: 7
A19: Quantitative Features | K19: Nominal Features
A20: № | H20: Class | K20: № | S20: Class
B21: 70 | C21: 130 | D21: 322 | E21: 109 | F21: 2.4 | G21: 3 | H21: 2 | L21: 1 | M21: 4 | N21: 0 | O21: 2 | P21: 0 | Q21: 2 | R21: 3 | S21: 2
B22: 67 | C22: 115 | D22: 564 | E22: 160 | F22: 1.6 | G22: 0 | H22: 1 | L22: 0 | M22: 3 | N22: 0 | O22: 2 | P22: 0 | Q22: 2 | R22: 7 | S22: 1
B23: 57 | C23: 124 | D23: 261 | E23: 141 | F23: 0.3 | G23: 0 | H23: 2 | L23: 1 | M23: 2 | N23: 0 | O23: 0 | P23: 0 | Q23: 1 | R23: 7 | S23: 2
B24: 64 | C24: 128 | D24: 263 | E24: 105 | F24: 0.2 | G24: 1 | H24: 1 | L24: 1 | M24: 4 | N24: 0 | O24: 0 | P24: 1 | Q24: 2 | R24: 7 | S24: 1
B25: 74 | C25: 120 | D25: 269 | E25: 121 | F25: 0.2 | G25: 1 | H25: 1 | L25: 0 | M25: 2 | N25: 0 | O25: 2 | P25: 1 | Q25: 1 | R25: 3 | S25: 1
B26: 65 | C26: 120 | D26: 177 | E26: 140 | F26: 0.4 | G26: 0 | H26: 1 | L26: 1 | M26: 4 | N26: 0 | O26: 0 | P26: 0 | Q26: 1 | R26: 7 | S26: 1
B27: 56 | C27: 130 | D27: 256 | E27: 142 | F27: 0.6 | G27: 1 | H27: 2 | L27: 1 | M27: 3 | N27: 1 | O27: 2 | P27: 1 | Q27: 2 | R27: 6 | S27: 2
B28: 59 | C28: 110 | D28: 239 | E28: 142 | F28: 1.2 | G28: 1 | H28: 2 | L28: 1 | M28: 4 | N28: 0 | O28: 2 | P28: 1 | Q28: 2 | R28: 7 | S28: 2
B29: 60 | C29: 140 | D29: 293 | E29: 170 | F29: 1.2 | G29: 2 | H29: 2 | L29: 1 | M29: 4 | N29: 0 | O29: 2 | P29: 0 | Q29: 2 | R29: 7 | S29: 2
B30: 63 | C30: 150 | D30: 407 | E30: 154 | F30: 4 | G30: 3 | H30: 2 | L30: 0 | M30: 4 | N30: 0 | O30: 2 | P30: 0 | Q30: 2 | R30: 7 | S30: 2
B31: 1 | C31: 1 | D31: 1 | E31: 1 | F31: 1 | G31: 1 | L31: 0 | M31: 0 | N31: 0 | O31: 0 | P31: 0 | Q31: 0 | R31: 0

Sheet Quantitative
A1: Quantitative Features
A2: № | H2: Class | K2: K1 = 4
B3: 70 | C3: 130 | D3: 322 | E3: 109 | F3: 2.4 | G3: 3 | H3: 2 | K3: K2 = 6 | M3: Color and Sign of Quantitative Features - | Q3: 1
B4: 67 | C4: 115 | D4: 564 | E4: 160 | F4: 1.6 | G4: 0 | H4: 1
B5: 57 | C5: 124 | D5: 261 | E5: 141 | F5: 0.3 | G5: 0 | H5: 2
B6: 64 | C6: 128 | D6: 263 | E6: 105 | F6: 0.2 | G6: 1 | H6: 1 | K6: Criterion 1
B7: 74 | C7: 120 | D7: 269 | E7: 121 | F7: 0.2 | G7: 1 | H7: 1 | K7: №
B8: 65 | C8: 120 | D8: 177 | E8: 140 | F8: 0.4 | G8: 0 | H8: 1 | L8: 56 | M8: 63 | N8: 74 | O8: 0.634921
B9: 56 | C9: 130 | D9: 256 | E9: 142 | F9: 0.6 | G9: 1 | H9: 2 | L9: 110 | M9: 120 | N9: 150 | O9: 0.412698
B10: 59 | C10: 110 | D10: 239 | E10: 142 | F10: 1.2 | G10: 1 | H10: 2 | L10: 177 | M10: 177 | N10: 564 | O10: 0.214286
B11: 60 | C11: 140 | D11: 293 | E11: 170 | F11: 1.2 | G11: 2 | H11: 2 | L11: 105 | M11: 140 | N11: 170 | O11: 0.412698
B12: 63 | C12: 150 | D12: 407 | E12: 154 | F12: 4 | G12: 3 | H12: 2 | L12: 0.2 | M12: 0.4 | N12: 4 | O12: 0.412698
B13: 1 | C13: 1 | D13: 1 | E13: 1 | F13: 1 | G13: 1 | L13: 0 | M13: 0 | N13: 3 | O13: 0.285714
A17: № | C17: Class | G17: № | I17: Class | K17: № | M17: Class | O17: № | Q17: Class | S17: № | U17: Class | W17: № | Y17: Class
B18: 56 | C18: 2 | H18: 110 | I18: 2 | L18: 177 | M18: 1 | P18: 105 | Q18: 1 | T18: 0.2 | U18: 1 | X18: 0 | Y18: 1
B19: 57 | C19: 2 | H19: 115 | I19: 1 | L19: 239 | M19: 2 | P19: 109 | Q19: 2 | T19: 0.2 | U19: 1 | X19: 0 | Y19: 2
B20: 59 | C20: 2 | E20: Class 1 | H20: 120 | I20: 1 | L20: 256 | M20: 2 | P20: 121 | Q20: 1 | T20: 0.3 | U20: 2 | X20: 0 | Y20: 1
B21: 60 | C21: 2 | H21: 120 | I21: 1 | L21: 261 | M21: 2 | P21: 140 | Q21: 1 | T21: 0.4 | U21: 1 | X21: 1 | Y21: 1
B22: 63 | C22: 2 | H22: 124 | I22: 2 | L22: 263 | M22: 1 | P22: 141 | Q22: 2 | T22: 0.6 | U22: 2 | X22: 1 | Y22: 1
B23: 64 | C23: 1 | H23: 128 | I23: 1 | L23: 269 | M23: 1 | P23: 142 | Q23: 2 | T23: 1.2 | U23: 2 | X23: 1 | Y23: 2
B24: 65 | C24: 1 | H24: 130 | I24: 2 | L24: 293 | M24: 2 | P24: 142 | Q24: 2 | T24: 1.2 | U24: 2 | X24: 1 | Y24: 2
B25: 67 | C25: 1 | E25: Class 2 | H25: 130 | I25: 2 | L25: 322 | M25: 2 | P25: 154 | Q25: 2 | T25: 1.6 | U25: 1 | X25: 2 | Y25: 2
B26: 70 | C26: 2 | H26: 140 | I26: 2 | L26: 407 | M26: 2 | P26: 160 | Q26: 1 | T26: 2.4 | U26: 2 | X26: 3 | Y26: 2
B27: 74 | C27: 1 | H27: 150 | I27: 2 | L27: 564 | M27: 1 | P27: 170 | Q27: 2 | T27: 4 | U27: 2 | X27: 3 | Y27: 2
B29: =AVERAGE(B22,B23) -> 63.5 | H29: =AVERAGE(H21,H22) -> 122 | L29: =AVERAGE(L18,L19) -> 208 | P29: =AVERAGE(P21,P22) -> 140.5 | T29: =AVERAGE(T21,T22) -> 0.5 | X29: =AVERAGE(X20,X21) -> 0.5
A33: Quantitative features on a Nominal scale
A34: № | H34: Class
B35: =IF(B3<$B$29,1,2) -> 2 | C35: =IF(C3<$H$29,1,2) -> 2 | D35: =IF(D3<$L$29,1,2) -> 2 | E35: =IF(E3<$P$29,1,2) -> 1 | F35: =IF(F3<$T$29,1,2) -> 2 | G35: =IF(G3<$X$29,1,2) -> 2 | H35: 2
B36: =IF(B4<$B$29,1,2) -> 2 | C36: =IF(C4<$H$29,1,2) -> 1 | D36: =IF(D4<$L$29,1,2) -> 2 | E36: =IF(E4<$P$29,1,2) -> 2 | F36: =IF(F4<$T$29,1,2) -> 2 | G36: =IF(G4<$X$29,1,2) -> 1 | H36: 1
B37: =IF(B5<$B$29,1,2) -> 1 | C37: =IF(C5<$H$29,1,2) -> 2 | D37: =IF(D5<$L$29,1,2) -> 2 | E37: =IF(E5<$P$29,1,2) -> 2 | F37: =IF(F5<$T$29,1,2) -> 1 | G37: =IF(G5<$X$29,1,2) -> 1 | H37: 2
B38: =IF(B6<$B$29,1,2) -> 2 | C38: =IF(C6<$H$29,1,2) -> 2 | D38: =IF(D6<$L$29,1,2) -> 2 | E38: =IF(E6<$P$29,1,2) -> 1 | F38: =IF(F6<$T$29,1,2) -> 1 | G38: =IF(G6<$X$29,1,2) -> 2 | H38: 1
B39: =IF(B7<$B$29,1,2) -> 2 | C39: =IF(C7<$H$29,1,2) -> 1 | D39: =IF(D7<$L$29,1,2) -> 2 | E39: =IF(E7<$P$29,1,2) -> 1 | F39: =IF(F7<$T$29,1,2) -> 1 | G39: =IF(G7<$X$29,1,2) -> 2 | H39: 1
B40: =IF(B8<$B$29,1,2) -> 2 | C40: =IF(C8<$H$29,1,2) -> 1 | D40: =IF(D8<$L$29,1,2) -> 1 | E40: =IF(E8<$P$29,1,2) -> 1 | F40: =IF(F8<$T$29,1,2) -> 1 | G40: =IF(G8<$X$29,1,2) -> 1 | H40: 1
B41: =IF(B9<$B$29,1,2) -> 1 | C41: =IF(C9<$H$29,1,2) -> 2 | D41: =IF(D9<$L$29,1,2) -> 2 | E41: =IF(E9<$P$29,1,2) -> 2 | F41: =IF(F9<$T$29,1,2) -> 2 | G41: =IF(G9<$X$29,1,2) -> 2 | H41: 2
B42: =IF(B10<$B$29,1,2) -> 1 | C42: =IF(C10<$H$29,1,2) -> 1 | D42: =IF(D10<$L$29,1,2) -> 2 | E42: =IF(E10<$P$29,1,2) -> 2 | F42: =IF(F10<$T$29,1,2) -> 2 | G42: =IF(G10<$X$29,1,2) -> 2 | H42: 2
B43: =IF(B11<$B$29,1,2) -> 1 | C43: =IF(C11<$H$29,1,2) -> 2 | D43: =IF(D11<$L$29,1,2) -> 2 | E43: =IF(E11<$P$29,1,2) -> 2 | F43: =IF(F11<$T$29,1,2) -> 2 | G43: =IF(G11<$X$29,1,2) -> 2 | H43: 2
B44: =IF(B12<$B$29,1,2) -> 1 | C44: =IF(C12<$H$29,1,2) -> 2 | D44: =IF(D12<$L$29,1,2) -> 2 | E44: =IF(E12<$P$29,1,2) -> 2 | F44: =IF(F12<$T$29,1,2) -> 2 | G44: =IF(G12<$X$29,1,2) -> 2 | H44: 2
A47: Sorted by Classes of Quantitative features on a Nominal scale
A48: № | H48: Class
B49: =IF(B4<$B$29,1,2) -> 2 | C49: =IF(C4<$H$29,1,2) -> 1 | D49: =IF(D4<$L$29,1,2) -> 2 | E49: =IF(E4<$P$29,1,2) -> 2 | F49: =IF(F4<$T$29,1,2) -> 2 | G49: =IF(G4<$X$29,1,2) -> 1 | H49: 1
B50: =IF(B6<$B$29,1,2) -> 2 | C50: =IF(C6<$H$29,1,2) -> 2 | D50: =IF(D6<$L$29,1,2) -> 2 | E50: =IF(E6<$P$29,1,2) -> 1 | F50: =IF(F6<$T$29,1,2) -> 1 | G50: =IF(G6<$X$29,1,2) -> 2 | H50: 1
B51: =IF(B7<$B$29,1,2) -> 2 | C51: =IF(C7<$H$29,1,2) -> 1 | D51: =IF(D7<$L$29,1,2) -> 2 | E51: =IF(E7<$P$29,1,2) -> 1 | F51: =IF(F7<$T$29,1,2) -> 1 | G51: =IF(G7<$X$29,1,2) -> 2 | H51: 1
B52: =IF(B8<$B$29,1,2) -> 2 | C52: =IF(C8<$H$29,1,2) -> 1 | D52: =IF(D8<$L$29,1,2) -> 1 | E52: =IF(E8<$P$29,1,2) -> 1 | F52: =IF(F8<$T$29,1,2) -> 1 | G52: =IF(G8<$X$29,1,2) -> 1 | H52: 1
B53: =IF(B3<$B$29,1,2) -> 2 | C53: =IF(C3<$H$29,1,2) -> 2 | D53: =IF(D3<$L$29,1,2) -> 2 | E53: =IF(E3<$P$29,1,2) -> 1 | F53: =IF(F3<$T$29,1,2) -> 2 | G53: =IF(G3<$X$29,1,2) -> 2 | H53: 2
B54: =IF(B5<$B$29,1,2) -> 1 | C54: =IF(C5<$H$29,1,2) -> 2 | D54: =IF(D5<$L$29,1,2) -> 2 | E54: =IF(E5<$P$29,1,2) -> 2 | F54: =IF(F5<$T$29,1,2) -> 1 | G54: =IF(G5<$X$29,1,2) -> 1 | H54: 2
B55: =IF(B9<$B$29,1,2) -> 1 | C55: =IF(C9<$H$29,1,2) -> 2 | D55: =IF(D9<$L$29,1,2) -> 2 | E55: =IF(E9<$P$29,1,2) -> 2 | F55: =IF(F9<$T$29,1,2) -> 2 | G55: =IF(G9<$X$29,1,2) -> 2 | H55: 2
B56: =IF(B10<$B$29,1,2) -> 1 | C56: =IF(C10<$H$29,1,2) -> 1 | D56: =IF(D10<$L$29,1,2) -> 2 | E56: =IF(E10<$P$29,1,2) -> 2 | F56: =IF(F10<$T$29,1,2) -> 2 | G56: =IF(G10<$X$29,1,2) -> 2 | H56: 2
B57: =IF(B11<$B$29,1,2) -> 1 | C57: =IF(C11<$H$29,1,2) -> 2 | D57: =IF(D11<$L$29,1,2) -> 2 | E57: =IF(E11<$P$29,1,2) -> 2 | F57: =IF(F11<$T$29,1,2) -> 2 | G57: =IF(G11<$X$29,1,2) -> 2 | H57: 2
B58: =IF(B12<$B$29,1,2) -> 1 | C58: =IF(C12<$H$29,1,2) -> 2 | D58: =IF(D12<$L$29,1,2) -> 2 | E58: =IF(E12<$P$29,1,2) -> 2 | F58: =IF(F12<$T$29,1,2) -> 2 | G58: =IF(G12<$X$29,1,2) -> 2 | H58: 2
A62: Gradations of Quantitative Features on a Nominal scale
A63: Gradations | B63: {1,2} | C63: {1,2} | D63: {1,2} | E63: {1,2} | F63: {1,2} | G63: {1,2} | H63: Class
B64: =COUNTIFS(B$49:B$58, 1+MOD(INT((ROW()-ROW($B$64))/2),2), $H$49:$H$58, VALUE(RIGHT($H64,1))) -> 0 | C64: =COUNTIFS(C$49:C$58, 1+MOD(INT((ROW()-ROW($B$64))/2),2), $H$49:$H$58, VALUE(RIGHT($H64,1))) -> 3 | D64: =COUNTIFS(D$49:D$58, 1+MOD(INT((ROW()-ROW($B$64))/2),2), $H$49:$H$58, VALUE(RIGHT($H64,1))) -> 1 | E64: =COUNTIFS(E$49:E$58, 1+MOD(INT((ROW()-ROW($B$64))/2),2), $H$49:$H$58, VALUE(RIGHT($H64,1))) -> 3 | F64: =COUNTIFS(F$49:F$58, 1+MOD(INT((ROW()-ROW($B$64))/2),2), $H$49:$H$58, VALUE(RIGHT($H64,1))) -> 3 | G64: =COUNTIFS(G$49:G$58, 1+MOD(INT((ROW()-ROW($B$64))/2),2), $H$49:$H$58, VALUE(RIGHT($H64,1))) -> 2 | H64: 1
B65: =COUNTIFS(B$49:B$58, 1+MOD(INT((ROW()-ROW($B$64))/2),2), $H$49:$H$58, VALUE(RIGHT($H65,1))) -> 5 | C65: =COUNTIFS(C$49:C$58, 1+MOD(INT((ROW()-ROW($B$64))/2),2), $H$49:$H$58, VALUE(RIGHT($H65,1))) -> 1 | D65: =COUNTIFS(D$49:D$58, 1+MOD(INT((ROW()-ROW($B$64))/2),2), $H$49:$H$58, VALUE(RIGHT($H65,1))) -> 0 | E65: =COUNTIFS(E$49:E$58, 1+MOD(INT((ROW()-ROW($B$64))/2),2), $H$49:$H$58, VALUE(RIGHT($H65,1))) -> 1 | F65: =COUNTIFS(F$49:F$58, 1+MOD(INT((ROW()-ROW($B$64))/2),2), $H$49:$H$58, VALUE(RIGHT($H65,1))) -> 1 | G65: =COUNTIFS(G$49:G$58, 1+MOD(INT((ROW()-ROW($B$64))/2),2), $H$49:$H$58, VALUE(RIGHT($H65,1))) -> 1 | H65: 2
B66: =COUNTIFS(B$49:B$58, 1+MOD(INT((ROW()-ROW($B$64))/2),2), $H$49:$H$58, VALUE(RIGHT($H66,1))) -> 4 | C66: =COUNTIFS(C$49:C$58, 1+MOD(INT((ROW()-ROW($B$64))/2),2), $H$49:$H$58, VALUE(RIGHT($H66,1))) -> 1 | D66: =COUNTIFS(D$49:D$58, 1+MOD(INT((ROW()-ROW($B$64))/2),2), $H$49:$H$58, VALUE(RIGHT($H66,1))) -> 3 | E66: =COUNTIFS(E$49:E$58, 1+MOD(INT((ROW()-ROW($B$64))/2),2), $H$49:$H$58, VALUE(RIGHT($H66,1))) -> 1 | F66: =COUNTIFS(F$49:F$58, 1+MOD(INT((ROW()-ROW($B$64))/2),2), $H$49:$H$58, VALUE(RIGHT($H66,1))) -> 1 | G66: =COUNTIFS(G$49:G$58, 1+MOD(INT((ROW()-ROW($B$64))/2),2), $H$49:$H$58, VALUE(RIGHT($H66,1))) -> 2 | H66: 1
B67: =COUNTIFS(B$49:B$58, 1+MOD(INT((ROW()-ROW($B$64))/2),2), $H$49:$H$58, VALUE(RIGHT($H67,1))) -> 1 | C67: =COUNTIFS(C$49:C$58, 1+MOD(INT((ROW()-ROW($B$64))/2),2), $H$49:$H$58, VALUE(RIGHT($H67,1))) -> 5 | D67: =COUNTIFS(D$49:D$58, 1+MOD(INT((ROW()-ROW($B$64))/2),2), $H$49:$H$58, VALUE(RIGHT($H67,1))) -> 6 | E67: =COUNTIFS(E$49:E$58, 1+MOD(INT((ROW()-ROW($B$64))/2),2), $H$49:$H$58, VALUE(RIGHT($H67,1))) -> 5 | F67: =COUNTIFS(F$49:F$58, 1+MOD(INT((ROW()-ROW($B$64))/2),2), $H$49:$H$58, VALUE(RIGHT($H67,1))) -> 5 | G67: =COUNTIFS(G$49:G$58, 1+MOD(INT((ROW()-ROW($B$64))/2),2), $H$49:$H$58, VALUE(RIGHT($H67,1))) -> 5 | H67: 2
A70: Weight of Quantitative Features on a Nominal scale
B71: 0.634921 | C71: 0.412698 | D71: 0.214286 | E71: 0.412698 | F71: 0.412698 | G71: 0.285714
A74: Contribution of Gradations of Quantitative Features on a Nominal scale
A75: Contributions of Gradations | B75: {1,2} | C75: {1,2} | D75: {1,2} | E75: {1,2} | F75: {1,2} | G75: {1,2}
B76: =B$71*(B$64/COUNTIF($H$3:$H$12,1) - B$65/COUNTIF($H$3:$H$12,2)) -> -0.52910083 | C76: =C$71*(C$64/COUNTIF($H$3:$H$12,1) - C$65/COUNTIF($H$3:$H$12,2)) -> 0.2407405 | D76: =D$71*(D$64/COUNTIF($H$3:$H$12,1) - D$65/COUNTIF($H$3:$H$12,2)) -> 0.0535715 | E76: =E$71*(E$64/COUNTIF($H$3:$H$12,1) - E$65/COUNTIF($H$3:$H$12,2)) -> 0.2407405 | F76: =F$71*(F$64/COUNTIF($H$3:$H$12,1) - F$65/COUNTIF($H$3:$H$12,2)) -> 0.2407405 | G76: =G$71*(G$64/COUNTIF($H$3:$H$12,1) - G$65/COUNTIF($H$3:$H$12,2)) -> 0.095238
B77: =B$71*(B$66/COUNTIF($H$3:$H$12,1) - B$67/COUNTIF($H$3:$H$12,2)) -> 0.52910083 | C77: =C$71*(C$66/COUNTIF($H$3:$H$12,1) - C$67/COUNTIF($H$3:$H$12,2)) -> -0.2407405 | D77: =D$71*(D$66/COUNTIF($H$3:$H$12,1) - D$67/COUNTIF($H$3:$H$12,2)) -> -0.0535715 | E77: =E$71*(E$66/COUNTIF($H$3:$H$12,1) - E$67/COUNTIF($H$3:$H$12,2)) -> -0.2407405 | F77: =F$71*(F$66/COUNTIF($H$3:$H$12,1) - F$67/COUNTIF($H$3:$H$12,2)) -> -0.2407405 | G77: =G$71*(G$66/COUNTIF($H$3:$H$12,1) - G$67/COUNTIF($H$3:$H$12,2)) -> -0.095238
A81: Quantitative Features with Contribution Values
A82: № | H82: Class
B83: =IFERROR(IF(B35=1, B$76, IF(B35=2, B$77, "Error!!!")), "Error!!!") -> 0.52910083 | C83: =IFERROR(IF(C35=1, C$76, IF(C35=2, C$77, "Error!!!")), "Error!!!") -> -0.2407405 | D83: =IFERROR(IF(D35=1, D$76, IF(D35=2, D$77, "Error!!!")), "Error!!!") -> -0.0535715 | E83: =IFERROR(IF(E35=1, E$76, IF(E35=2, E$77, "Error!!!")), "Error!!!") -> 0.2407405 | F83: =IFERROR(IF(F35=1, F$76, IF(F35=2, F$77, "Error!!!")), "Error!!!") -> -0.2407405 | G83: =IFERROR(IF(G35=1, G$76, IF(G35=2, G$77, "Error!!!")), "Error!!!") -> -0.095238 | H83: 2
B84: =IFERROR(IF(B36=1, B$76, IF(B36=2, B$77, "Error!!!")), "Error!!!") -> 0.52910083 | C84: =IFERROR(IF(C36=1, C$76, IF(C36=2, C$77, "Error!!!")), "Error!!!") -> 0.2407405 | D84: =IFERROR(IF(D36=1, D$76, IF(D36=2, D$77, "Error!!!")), "Error!!!") -> -0.0535715 | E84: =IFERROR(IF(E36=1, E$76, IF(E36=2, E$77, "Error!!!")), "Error!!!") -> -0.2407405 | F84: =IFERROR(IF(F36=1, F$76, IF(F36=2, F$77, "Error!!!")), "Error!!!") -> -0.2407405 | G84: =IFERROR(IF(G36=1, G$76, IF(G36=2, G$77, "Error!!!")), "Error!!!") -> 0.095238 | H84: 1
B85: =IFERROR(IF(B37=1, B$76, IF(B37=2, B$77, "Error!!!")), "Error!!!") -> -0.52910083 | C85: =IFERROR(IF(C37=1, C$76, IF(C37=2, C$77, "Error!!!")), "Error!!!") -> -0.2407405 | D85: =IFERROR(IF(D37=1, D$76, IF(D37=2, D$77, "Error!!!")), "Error!!!") -> -0.0535715 | E85: =IFERROR(IF(E37=1, E$76, IF(E37=2, E$77, "Error!!!")), "Error!!!") -> -0.2407405 | F85: =IFERROR(IF(F37=1, F$76, IF(F37=2, F$77, "Error!!!")), "Error!!!") -> 0.2407405 | G85: =IFERROR(IF(G37=1, G$76, IF(G37=2, G$77, "Error!!!")), "Error!!!") -> 0.095238 | H85: 2
B86: =IFERROR(IF(B38=1, B$76, IF(B38=2, B$77, "Error!!!")), "Error!!!") -> 0.52910083 | C86: =IFERROR(IF(C38=1, C$76, IF(C38=2, C$77, "Error!!!")), "Error!!!") -> -0.2407405 | D86: =IFERROR(IF(D38=1, D$76, IF(D38=2, D$77, "Error!!!")), "Error!!!") -> -0.0535715 | E86: =IFERROR(IF(E38=1, E$76, IF(E38=2, E$77, "Error!!!")), "Error!!!") -> 0.2407405 | F86: =IFERROR(IF(F38=1, F$76, IF(F38=2, F$77, "Error!!!")), "Error!!!") -> 0.2407405 | G86: =IFERROR(IF(G38=1, G$76, IF(G38=2, G$77, "Error!!!")), "Error!!!") -> -0.095238 | H86: 1
B87: =IFERROR(IF(B39=1, B$76, IF(B39=2, B$77, "Error!!!")), "Error!!!") -> 0.52910083 | C87: =IFERROR(IF(C39=1, C$76, IF(C39=2, C$77, "Error!!!")), "Error!!!") -> 0.2407405 | D87: =IFERROR(IF(D39=1, D$76, IF(D39=2, D$77, "Error!!!")), "Error!!!") -> -0.0535715 | E87: =IFERROR(IF(E39=1, E$76, IF(E39=2, E$77, "Error!!!")), "Error!!!") -> 0.2407405 | F87: =IFERROR(IF(F39=1, F$76, IF(F39=2, F$77, "Error!!!")), "Error!!!") -> 0.2407405 | G87: =IFERROR(IF(G39=1, G$76, IF(G39=2, G$77, "Error!!!")), "Error!!!") -> -0.095238 | H87: 1
B88: =IFERROR(IF(B40=1, B$76, IF(B40=2, B$77, "Error!!!")), "Error!!!") -> 0.52910083 | C88: =IFERROR(IF(C40=1, C$76, IF(C40=2, C$77, "Error!!!")), "Error!!!") -> 0.2407405 | D88: =IFERROR(IF(D40=1, D$76, IF(D40=2, D$77, "Error!!!")), "Error!!!") -> 0.0535715 | E88: =IFERROR(IF(E40=1, E$76, IF(E40=2, E$77, "Error!!!")), "Error!!!") -> 0.2407405 | F88: =IFERROR(IF(F40=1, F$76, IF(F40=2, F$77, "Error!!!")), "Error!!!") -> 0.2407405 | G88: =IFERROR(IF(G40=1, G$76, IF(G40=2, G$77, "Error!!!")), "Error!!!") -> 0.095238 | H88: 1
B89: =IFERROR(IF(B41=1, B$76, IF(B41=2, B$77, "Error!!!")), "Error!!!") -> -0.52910083 | C89: =IFERROR(IF(C41=1, C$76, IF(C41=2, C$77, "Error!!!")), "Error!!!") -> -0.2407405 | D89: =IFERROR(IF(D41=1, D$76, IF(D41=2, D$77, "Error!!!")), "Error!!!") -> -0.0535715 | E89: =IFERROR(IF(E41=1, E$76, IF(E41=2, E$77, "Error!!!")), "Error!!!") -> -0.2407405 | F89: =IFERROR(IF(F41=1, F$76, IF(F41=2, F$77, "Error!!!")), "Error!!!") -> -0.2407405 | G89: =IFERROR(IF(G41=1, G$76, IF(G41=2, G$77, "Error!!!")), "Error!!!") -> -0.095238 | H89: 2
B90: =IFERROR(IF(B42=1, B$76, IF(B42=2, B$77, "Error!!!")), "Error!!!") -> -0.52910083 | C90: =IFERROR(IF(C42=1, C$76, IF(C42=2, C$77, "Error!!!")), "Error!!!") -> 0.2407405 | D90: =IFERROR(IF(D42=1, D$76, IF(D42=2, D$77, "Error!!!")), "Error!!!") -> -0.0535715 | E90: =IFERROR(IF(E42=1, E$76, IF(E42=2, E$77, "Error!!!")), "Error!!!") -> -0.2407405 | F90: =IFERROR(IF(F42=1, F$76, IF(F42=2, F$77, "Error!!!")), "Error!!!") -> -0.2407405 | G90: =IFERROR(IF(G42=1, G$76, IF(G42=2, G$77, "Error!!!")), "Error!!!") -> -0.095238 | H90: 2
B91: =IFERROR(IF(B43=1, B$76, IF(B43=2, B$77, "Error!!!")), "Error!!!") -> -0.52910083 | C91: =IFERROR(IF(C43=1, C$76, IF(C43=2, C$77, "Error!!!")), "Error!!!") -> -0.2407405 | D91: =IFERROR(IF(D43=1, D$76, IF(D43=2, D$77, "Error!!!")), "Error!!!") -> -0.0535715 | E91: =IFERROR(IF(E43=1, E$76, IF(E43=2, E$77, "Error!!!")), "Error!!!") -> -0.2407405 | F91: =IFERROR(IF(F43=1, F$76, IF(F43=2, F$77, "Error!!!")), "Error!!!") -> -0.2407405 | G91: =IFERROR(IF(G43=1, G$76, IF(G43=2, G$77, "Error!!!")), "Error!!!") -> -0.095238 | H91: 2
B92: =IFERROR(IF(B44=1, B$76, IF(B44=2, B$77, "Error!!!")), "Error!!!") -> -0.52910083 | C92: =IFERROR(IF(C44=1, C$76, IF(C44=2, C$77, "Error!!!")), "Error!!!") -> -0.2407405 | D92: =IFERROR(IF(D44=1, D$76, IF(D44=2, D$77, "Error!!!")), "Error!!!") -> -0.0535715 | E92: =IFERROR(IF(E44=1, E$76, IF(E44=2, E$77, "Error!!!")), "Error!!!") -> -0.2407405 | F92: =IFERROR(IF(F44=1, F$76, IF(F44=2, F$77, "Error!!!")), "Error!!!") -> -0.2407405 | G92: =IFERROR(IF(G44=1, G$76, IF(G44=2, G$77, "Error!!!")), "Error!!!") -> -0.095238 | H92: 2
B93: 1 | C93: 1 | D93: 1 | E93: 1 | F93: 1 | G93: 1

Sheet Nominal
A1: Nominal Features
A2: № | I2: Class | L2: K1 = 4
B3: 1 | C3: 4 | D3: 0 | E3: 2 | F3: 0 | G3: 2 | H3: 3 | I3: 2 | L3: K2 = 6 | N3: Color and Sign of Nominal Features - | R3: 0
B4: 0 | C4: 3 | D4: 0 | E4: 2 | F4: 0 | G4: 2 | H4: 7 | I4: 1
B5: 1 | C5: 2 | D5: 0 | E5: 0 | F5: 0 | G5: 1 | H5: 7 | I5: 2
B6: 1 | C6: 4 | D6: 0 | E6: 0 | F6: 1 | G6: 2 | H6: 7 | I6: 1
B7: 0 | C7: 2 | D7: 0 | E7: 2 | F7: 1 | G7: 1 | H7: 3 | I7: 1
B8: 1 | C8: 4 | D8: 0 | E8: 0 | F8: 0 | G8: 1 | H8: 7 | I8: 1
B9: 1 | C9: 3 | D9: 1 | E9: 2 | F9: 1 | G9: 2 | H9: 6 | I9: 2
B10: 1 | C10: 4 | D10: 0 | E10: 2 | F10: 1 | G10: 2 | H10: 7 | I10: 2
B11: 1 | C11: 4 | D11: 0 | E11: 2 | F11: 0 | G11: 2 | H11: 7 | I11: 2
B12: 0 | C12: 4 | D12: 0 | E12: 2 | F12: 0 | G12: 2 | H12: 7 | I12: 2
B13: 0 | C13: 0 | D13: 0 | E13: 0 | F13: 0 | G13: 0 | H13: 0
A17: Nominal Features
A18: № | I18: Class
B19: 0 | C19: 3 | D19: 0 | E19: 2 | F19: 0 | G19: 2 | H19: 7 | I19: 1
B20: 1 | C20: 4 | D20: 0 | E20: 0 | F20: 1 | G20: 2 | H20: 7 | I20: 1
B21: 0 | C21: 2 | D21: 0 | E21: 2 | F21: 1 | G21: 1 | H21: 3 | I21: 1
B22: 1 | C22: 4 | D22: 0 | E22: 0 | F22: 0 | G22: 1 | H22: 7 | I22: 1
B23: 1 | C23: 4 | D23: 0 | E23: 2 | F23: 0 | G23: 2 | H23: 3 | I23: 2
B24: 1 | C24: 2 | D24: 0 | E24: 0 | F24: 0 | G24: 1 | H24: 7 | I24: 2
B25: 1 | C25: 3 | D25: 1 | E25: 2 | F25: 1 | G25: 2 | H25: 6 | I25: 2
B26: 1 | C26: 4 | D26: 0 | E26: 2 | F26: 1 | G26: 2 | H26: 7 | I26: 2
B27: 1 | C27: 4 | D27: 0 | E27: 2 | F27: 0 | G27: 2 | H27: 7 | I27: 2
B28: 0 | C28: 4 | D28: 0 | E28: 2 | F28: 0 | G28: 2 | H28: 7 | I28: 2
A32: Gradations of Nominal Features | L32: Helper List Spreadsheet for Gradations of Nominal Features
A33: Gradations | B33: {0,1} | C33: {2,3,4} | D33: {0,1} | E33: {0,2} | F33: {0,1} | G33: {1,2} | H33: {3,6,7} | I33: Class | L33: L31:L32 | M33: M31:M33 | N33: N31:N32 | O33: O31:O32 | P33: P31:P32 | Q33: Q31:Q32 | R33: R31:R33
B34: {=IFERROR(SUMPRODUCT(((B$19:B$28)*1=INDEX($L$34:$L$35,INT((ROW()-34)/2)+1))*((($I$19:$I$28)*1)=1+MOD(ROW()-34,2))),"")} -> 2 | C34: {=IFERROR(SUMPRODUCT(((C$19:C$28)*1=INDEX($M$34:$M$36,INT((ROW()-34)/2)+1))*((($I$19:$I$28)*1)=1+MOD(ROW()-34,2))),"")} -> 1 | D34: {=IFERROR(SUMPRODUCT(((D$19:D$28)*1=INDEX($N$34:$N$35,INT((ROW()-34)/2)+1))*((($I$19:$I$28)*1)=1+MOD(ROW()-34,2))),"")} -> 4 | E34: {=IFERROR(SUMPRODUCT(((E$19:E$28)*1=INDEX($O$34:$O$35,INT((ROW()-34)/2)+1))*((($I$19:$I$28)*1)=1+MOD(ROW()-34,2))),"")} -> 2 | F34: {=IFERROR(SUMPRODUCT(((F$19:F$28)*1=INDEX($P$34:$P$35,INT((ROW()-34)/2)+1))*((($I$19:$I$28)*1)=1+MOD(ROW()-34,2))),"")} -> 2 | G34: {=IFERROR(SUMPRODUCT(((G$19:G$28)*1=INDEX($Q$34:$Q$35,INT((ROW()-34)/2)+1))*((($I$19:$I$28)*1)=1+MOD(ROW()-34,2))),"")} -> 2 | H34: {=IFERROR(SUMPRODUCT(((H$19:H$28)*1=INDEX($R$34:$R$36,INT((ROW()-34)/2)+1))*((($I$19:$I$28)*1)=1+MOD(ROW()-34,2))),"")} -> 1 | I34: 1 | L34: 0 | M34: 2 | N34: 0 | O34: 0 | P34: 0 | Q34: 1 | R34: 3
B35: {=IFERROR(SUMPRODUCT(((B$19:B$28)*1=INDEX($L$34:$L$35,INT((ROW()-34)/2)+1))*((($I$19:$I$28)*1)=1+MOD(ROW()-34,2))),"")} -> 1 | C35: {=IFERROR(SUMPRODUCT(((C$19:C$28)*1=INDEX($M$34:$M$36,INT((ROW()-34)/2)+1))*((($I$19:$I$28)*1)=1+MOD(ROW()-34,2))),"")} -> 1 | D35: {=IFERROR(SUMPRODUCT(((D$19:D$28)*1=INDEX($N$34:$N$35,INT((ROW()-34)/2)+1))*((($I$19:$I$28)*1)=1+MOD(ROW()-34,2))),"")} -> 5 | E35: {=IFERROR(SUMPRODUCT(((E$19:E$28)*1=INDEX($O$34:$O$35,INT((ROW()-34)/2)+1))*((($I$19:$I$28)*1)=1+MOD(ROW()-34,2))),"")} -> 1 | F35: {=IFERROR(SUMPRODUCT(((F$19:F$28)*1=INDEX($P$34:$P$35,INT((ROW()-34)/2)+1))*((($I$19:$I$28)*1)=1+MOD(ROW()-34,2))),"")} -> 4 | G35: {=IFERROR(SUMPRODUCT(((G$19:G$28)*1=INDEX($Q$34:$Q$35,INT((ROW()-34)/2)+1))*((($I$19:$I$28)*1)=1+MOD(ROW()-34,2))),"")} -> 1 | H35: {=IFERROR(SUMPRODUCT(((H$19:H$28)*1=INDEX($R$34:$R$36,INT((ROW()-34)/2)+1))*((($I$19:$I$28)*1)=1+MOD(ROW()-34,2))),"")} -> 1 | I35: 2 | L35: 1 | M35: 3 | N35: 1 | O35: 2 | P35: 1 | Q35: 2 | R35: 6
B36: {=IFERROR(SUMPRODUCT(((B$19:B$28)*1=INDEX($L$34:$L$35,INT((ROW()-34)/2)+1))*((($I$19:$I$28)*1)=1+MOD(ROW()-34,2))),"")} -> 2 | C36: {=IFERROR(SUMPRODUCT(((C$19:C$28)*1=INDEX($M$34:$M$36,INT((ROW()-34)/2)+1))*((($I$19:$I$28)*1)=1+MOD(ROW()-34,2))),"")} -> 1 | D36: {=IFERROR(SUMPRODUCT(((D$19:D$28)*1=INDEX($N$34:$N$35,INT((ROW()-34)/2)+1))*((($I$19:$I$28)*1)=1+MOD(ROW()-34,2))),"")} -> 0 | E36: {=IFERROR(SUMPRODUCT(((E$19:E$28)*1=INDEX($O$34:$O$35,INT((ROW()-34)/2)+1))*((($I$19:$I$28)*1)=1+MOD(ROW()-34,2))),"")} -> 2 | F36: {=IFERROR(SUMPRODUCT(((F$19:F$28)*1=INDEX($P$34:$P$35,INT((ROW()-34)/2)+1))*((($I$19:$I$28)*1)=1+MOD(ROW()-34,2))),"")} -> 2 | G36: {=IFERROR(SUMPRODUCT(((G$19:G$28)*1=INDEX($Q$34:$Q$35,INT((ROW()-34)/2)+1))*((($I$19:$I$28)*1)=1+MOD(ROW()-34,2))),"")} -> 2 | H36: {=IFERROR(SUMPRODUCT(((H$19:H$28)*1=INDEX($R$34:$R$36,INT((ROW()-34)/2)+1))*((($I$19:$I$28)*1)=1+MOD(ROW()-34,2))),"")} -> 0 | I36: 1 | M36: 4 | R36: 7
B37: {=IFERROR(SUMPRODUCT(((B$19:B$28)*1=INDEX($L$34:$L$35,INT((ROW()-34)/2)+1))*((($I$19:$I$28)*1)=1+MOD(ROW()-34,2))),"")} -> 5 | C37: {=IFERROR(SUMPRODUCT(((C$19:C$28)*1=INDEX($M$34:$M$36,INT((ROW()-34)/2)+1))*((($I$19:$I$28)*1)=1+MOD(ROW()-34,2))),"")} -> 1 | D37: {=IFERROR(SUMPRODUCT(((D$19:D$28)*1=INDEX($N$34:$N$35,INT((ROW()-34)/2)+1))*((($I$19:$I$28)*1)=1+MOD(ROW()-34,2))),"")} -> 1 | E37: {=IFERROR(SUMPRODUCT(((E$19:E$28)*1=INDEX($O$34:$O$35,INT((ROW()-34)/2)+1))*((($I$19:$I$28)*1)=1+MOD(ROW()-34,2))),"")} -> 5 | F37: {=IFERROR(SUMPRODUCT(((F$19:F$28)*1=INDEX($P$34:$P$35,INT((ROW()-34)/2)+1))*((($I$19:$I$28)*1)=1+MOD(ROW()-34,2))),"")} -> 2 | G37: {=IFERROR(SUMPRODUCT(((G$19:G$28)*1=INDEX($Q$34:$Q$35,INT((ROW()-34)/2)+1))*((($I$19:$I$28)*1)=1+MOD(ROW()-34,2))),"")} -> 5 | H37: {=IFERROR(SUMPRODUCT(((H$19:H$28)*1=INDEX($R$34:$R$36,INT((ROW()-34)/2)+1))*((($I$19:$I$28)*1)=1+MOD(ROW()-34,2))),"")} -> 1 | I37: 2
C38: {=IFERROR(SUMPRODUCT(((C$19:C$28)*1=INDEX($M$34:$M$36,INT((ROW()-34)/2)+1))*((($I$19:$I$28)*1)=1+MOD(ROW()-34,2))),"")} -> 2 | H38: {=IFERROR(SUMPRODUCT(((H$19:H$28)*1=INDEX($R$34:$R$36,INT((ROW()-34)/2)+1))*((($I$19:$I$28)*1)=1+MOD(ROW()-34,2))),"")} -> 3 | I38: 1
C39: {=IFERROR(SUMPRODUCT(((C$19:C$28)*1=INDEX($M$34:$M$36,INT((ROW()-34)/2)+1))*((($I$19:$I$28)*1)=1+MOD(ROW()-34,2))),"")} -> 4 | H39: {=IFERROR(SUMPRODUCT(((H$19:H$28)*1=INDEX($R$34:$R$36,INT((ROW()-34)/2)+1))*((($I$19:$I$28)*1)=1+MOD(ROW()-34,2))),"")} -> 4 | I39: 2
B44: =COUNTA(_xlfn.UNIQUE(B3:B12)) -> 2 | C44: =COUNTA(_xlfn.UNIQUE(C3:C12)) -> 3 | D44: =COUNTA(_xlfn.UNIQUE(D3:D12)) -> 2 | E44: =COUNTA(_xlfn.UNIQUE(E3:E12)) -> 2 | F44: =COUNTA(_xlfn.UNIQUE(F3:F12)) -> 2 | G44: =COUNTA(_xlfn.UNIQUE(G3:G12)) -> 2 | H44: =COUNTA(_xlfn.UNIQUE(H3:H12)) -> 3 | J44: K1 = | K44: 4
B45: =COUNTA(_xlfn.UNIQUE(B19:B22)) -> 2 | C45: =COUNTA(_xlfn.UNIQUE(C19:C22)) -> 3 | D45: =COUNTA(_xlfn.UNIQUE(D19:D22)) -> 1 | E45: =COUNTA(_xlfn.UNIQUE(E19:E22)) -> 2 | F45: =COUNTA(_xlfn.UNIQUE(F19:F22)) -> 2 | G45: =COUNTA(_xlfn.UNIQUE(G19:G22)) -> 2 | H45: =COUNTA(_xlfn.UNIQUE(H19:H22)) -> 2 | J45: K2 = | K45: 6
B46: =COUNTA(_xlfn.UNIQUE(B23:B28)) -> 2 | C46: =COUNTA(_xlfn.UNIQUE(C23:C28)) -> 3 | D46: =COUNTA(_xlfn.UNIQUE(D23:D28)) -> 2 | E46: =COUNTA(_xlfn.UNIQUE(E23:E28)) -> 2 | F46: =COUNTA(_xlfn.UNIQUE(F23:F28)) -> 2 | G46: =COUNTA(_xlfn.UNIQUE(G23:G28)) -> 2 | H46: =COUNTA(_xlfn.UNIQUE(H23:H28)) -> 3
B47: =IFERROR(IF(B$44>2, ($K44-B45+1)*($K44-B45), $K44*($K44-1)), "Error!!!") -> 12 | C47: =IFERROR(IF(C$44>2, ($K44-C45+1)*($K44-C45), $K44*($K44-1)), "Error!!!") -> 2 | D47: =IFERROR(IF(D$44>2, ($K44-D45+1)*($K44-D45), $K44*($K44-1)), "Error!!!") -> 12 | E47: =IFERROR(IF(E$44>2, ($K44-E45+1)*($K44-E45), $K44*($K44-1)), "Error!!!") -> 12 | F47: =IFERROR(IF(F$44>2, ($K44-F45+1)*($K44-F45), $K44*($K44-1)), "Error!!!") -> 12 | G47: =IFERROR(IF(G$44>2, ($K44-G45+1)*($K44-G45), $K44*($K44-1)), "Error!!!") -> 12 | H47: =IFERROR(IF(H$44>2, ($K44-H45+1)*($K44-H45), $K44*($K44-1)), "Error!!!") -> 6
B48: =IFERROR(IF(B$44>2, ($K45-B46+1)*($K45-B46), $K45*($K45-1)), "Error!!!") -> 30 | C48: =IFERROR(IF(C$44>2, ($K45-C46+1)*($K45-C46), $K45*($K45-1)), "Error!!!") -> 12 | D48: =IFERROR(IF(D$44>2, ($K45-D46+1)*($K45-D46), $K45*($K45-1)), "Error!!!") -> 30 | E48: =IFERROR(IF(E$44>2, ($K45-E46+1)*($K45-E46), $K45*($K45-1)), "Error!!!") -> 30 | F48: =IFERROR(IF(F$44>2, ($K45-F46+1)*($K45-F46), $K45*($K45-1)), "Error!!!") -> 30 | G48: =IFERROR(IF(G$44>2, ($K45-G46+1)*($K45-G46), $K45*($K45-1)), "Error!!!") -> 30 | H48: =IFERROR(IF(H$44>2, ($K45-H46+1)*($K45-H46), $K45*($K45-1)), "Error!!!") -> 12
A52: Lambda, Beta and Weight of Nominal Features
A53: Weight
B54: =1-((B34*B35+B36*B37+B38*B39)/(2*$K$44*$K$45)) -> 0.75 | C54: =1-((C34*C35+C36*C37+C38*C39)/(2*$K$44*$K$45)) -> 0.79166667 | D54: =1-((D34*D35+D36*D37+D38*D39)/(2*$K$44*$K$45)) -> 0.58333333 | E54: =1-((E34*E35+E36*E37+E38*E39)/(2*$K$44*$K$45)) -> 0.75 | F54: =1-((F34*F35+F36*F37+F38*F39)/(2*$K$44*$K$45)) -> 0.75 | G54: =1-((G34*G35+G36*G37+G38*G39)/(2*$K$44*$K$45)) -> 0.75 | H54: =1-((H34*H35+H36*H37+H38*H39)/(2*$K$44*$K$45)) -> 0.72916667
B55: =IFERROR(IF(B47+B48>0, ((B34*(B34-1)+B35*(B35-1))+(B36*(B36-1)+B37*(B37-1))+(B38*(B38-1)+B39*(B39-1)))/(B47+B48), 0), "Error!!!") -> 0.57142857 | C55: =IFERROR(IF(C47+C48>0, ((C34*(C34-1)+C35*(C35-1))+(C36*(C36-1)+C37*(C37-1))+(C38*(C38-1)+C39*(C39-1)))/(C47+C48), 0), "Error!!!") -> 1 | D55: =IFERROR(IF(D47+D48>0, ((D34*(D34-1)+D35*(D35-1))+(D36*(D36-1)+D37*(D37-1))+(D38*(D38-1)+D39*(D39-1)))/(D47+D48), 0), "Error!!!") -> 0.76190476 | E55: =IFERROR(IF(E47+E48>0, ((E34*(E34-1)+E35*(E35-1))+(E36*(E36-1)+E37*(E37-1))+(E38*(E38-1)+E39*(E39-1)))/(E47+E48), 0), "Error!!!") -> 0.57142857 | F55: =IFERROR(IF(F47+F48>0, ((F34*(F34-1)+F35*(F35-1))+(F36*(F36-1)+F37*(F37-1))+(F38*(F38-1)+F39*(F39-1)))/(F47+F48), 0), "Error!!!") -> 0.42857143 | G55: =IFERROR(IF(G47+G48>0, ((G34*(G34-1)+G35*(G35-1))+(G36*(G36-1)+G37*(G37-1))+(G38*(G38-1)+G39*(G39-1)))/(G47+G48), 0), "Error!!!") -> 0.57142857 | H55: =IFERROR(IF(H47+H48>0, ((H34*(H34-1)+H35*(H35-1))+(H36*(H36-1)+H37*(H37-1))+(H38*(H38-1)+H39*(H39-1)))/(H47+H48), 0), "Error!!!") -> 1
B56: =B54*B55 -> 0.42857143 | C56: =C54*C55 -> 0.79166667 | D56: =D54*D55 -> 0.44444444 | E56: =E54*E55 -> 0.42857143 | F56: =F54*F55 -> 0.32142857 | G56: =G54*G55 -> 0.42857143 | H56: =H54*H55 -> 0.72916667
A60: Contribution of Gradations of Nominal Features
A61: Contributions of Gradations | B61: {0,1} | C61: {2,3,4} | D61: {0,1} | E61: {0,2} | F61: {0,1} | G61: {1,2} | H61: {3,6,7}
B62: =B$56*(B$34/COUNTIF($I$3:$I$12,1) - B$35/COUNTIF($I$3:$I$12,2)) -> 0.14285714 | C62: =C$56*(C$34/COUNTIF($I$3:$I$12,1) - C$35/COUNTIF($I$3:$I$12,2)) -> 0.065972222 | D62: =D$56*(D$34/COUNTIF($I$3:$I$12,1) - D$35/COUNTIF($I$3:$I$12,2)) -> 0.074074074 | E62: =E$56*(E$34/COUNTIF($I$3:$I$12,1) - E$35/COUNTIF($I$3:$I$12,2)) -> 0.14285714 | F62: =F$56*(F$34/COUNTIF($I$3:$I$12,1) - F$35/COUNTIF($I$3:$I$12,2)) -> -0.053571429 | G62: =G$56*(G$34/COUNTIF($I$3:$I$12,1) - G$35/COUNTIF($I$3:$I$12,2)) -> 0.14285714 | H62: =H$56*(H$34/COUNTIF($I$3:$I$12,1) - H$35/COUNTIF($I$3:$I$12,2)) -> 0.060763889
B63: =B$56*(B$36/COUNTIF($I$3:$I$12,1) - B$37/COUNTIF($I$3:$I$12,2)) -> -0.14285714 | C63: =C$56*(C$36/COUNTIF($I$3:$I$12,1) - C$37/COUNTIF($I$3:$I$12,2)) -> 0.065972222 | D63: =D$56*(D$36/COUNTIF($I$3:$I$12,1) - D$37/COUNTIF($I$3:$I$12,2)) -> -0.074074074 | E63: =E$56*(E$36/COUNTIF($I$3:$I$12,1) - E$37/COUNTIF($I$3:$I$12,2)) -> -0.14285714 | F63: =F$56*(F$36/COUNTIF($I$3:$I$12,1) - F$37/COUNTIF($I$3:$I$12,2)) -> 0.053571429 | G63: =G$56*(G$36/COUNTIF($I$3:$I$12,1) - G$37/COUNTIF($I$3:$I$12,2)) -> -0.14285714 | H63: =H$56*(H$36/COUNTIF($I$3:$I$12,1) - H$37/COUNTIF($I$3:$I$12,2)) -> -0.12152778
C64: =C$56*(C$38/COUNTIF($I$3:$I$12,1) - C$39/COUNTIF($I$3:$I$12,2)) -> -0.13194444 | H64: =H$56*(H$38/COUNTIF($I$3:$I$12,1) - H$39/COUNTIF($I$3:$I$12,2)) -> 0.060763889
A68: Nominal Features with Contribution Values
A69: № | I69: Class
B70: =IFERROR(IF(B3=0, B$62, IF(B3=1, B$63, "Error!!!")), "Error!!!") -> -0.14285714 | C70: =IFERROR(IF(C3=2, C$62, IF(C3=3, C$63, IF(C3=4, C$64, "Error!!!"))), "Error!!!") -> -0.13194444 | D70: =IFERROR(IF(D3=0, D$62, IF(D3=1, D$63, "Error!!!")), "Error!!!") -> 0.074074074 | E70: =IFERROR(IF(E3=0, E$62, IF(E3=2, E$63, "Error!!!")), "Error!!!") -> -0.14285714 | F70: =IFERROR(IF(F3=0, F$62, IF(F3=1, F$63, "Error!!!")), "Error!!!") -> -0.053571429 | G70: =IFERROR(IF(G3=1, G$62, IF(G3=2, G$63, "Error!!!")), "Error!!!") -> -0.14285714 | H70: =IFERROR(IF(H3=3, H$62, IF(H3=6, H$63, IF(H3=7, H$64, "Error!!!"))), "Error!!!") -> 0.060763889 | I70: 2
B71: =IFERROR(IF(B4=0, B$62, IF(B4=1, B$63, "Error!!!")), "Error!!!") -> 0.14285714 | C71: =IFERROR(IF(C4=2, C$62, IF(C4=3, C$63, IF(C4=4, C$64, "Error!!!"))), "Error!!!") -> 0.065972222 | D71: =IFERROR(IF(D4=0, D$62, IF(D4=1, D$63, "Error!!!")), "Error!!!") -> 0.074074074 | E71: =IFERROR(IF(E4=0, E$62, IF(E4=2, E$63, "Error!!!")), "Error!!!") -> -0.14285714 | F71: =IFERROR(IF(F4=0, F$62, IF(F4=1, F$63, "Error!!!")), "Error!!!") -> -0.053571429 | G71: =IFERROR(IF(G4=1, G$62, IF(G4=2, G$63, "Error!!!")), "Error!!!") -> -0.14285714 | H71: =IFERROR(IF(H4=3, H$62, IF(H4=6, H$63, IF(H4=7, H$64, "Error!!!"))), "Error!!!") -> 0.060763889 | I71: 1
B72: =IFERROR(IF(B5=0, B$62, IF(B5=1, B$63, "Error!!!")), "Error!!!") -> -0.14285714 | C72: =IFERROR(IF(C5=2, C$62, IF(C5=3, C$63, IF(C5=4, C$64, "Error!!!"))), "Error!!!") -> 0.065972222 | D72: =IFERROR(IF(D5=0, D$62, IF(D5=1, D$63, "Error!!!")), "Error!!!") -> 0.074074074 | E72: =IFERROR(IF(E5=0, E$62, IF(E5=2, E$63, "Error!!!")), "Error!!!") -> 0.14285714 | F72: =IFERROR(IF(F5=0, F$62, IF(F5=1, F$63, "Error!!!")), "Error!!!") -> -0.053571429 | G72: =IFERROR(IF(G5=1, G$62, IF(G5=2, G$63, "Error!!!")), "Error!!!") -> 0.14285714 | H72: =IFERROR(IF(H5=3, H$62, IF(H5=6, H$63, IF(H5=7, H$64, "Error!!!"))), "Error!!!") -> 0.060763889 | I72: 2
B73: =IFERROR(IF(B6=0, B$62, IF(B6=1, B$63, "Error!!!")), "Error!!!") -> -0.14285714 | C73: =IFERROR(IF(C6=2, C$62, IF(C6=3, C$63, IF(C6=4, C$64, "Error!!!"))), "Error!!!") -> -0.13194444 | D73: =IFERROR(IF(D6=0, D$62, IF(D6=1, D$63, "Error!!!")), "Error!!!") -> 0.074074074 | E73: =IFERROR(IF(E6=0, E$62, IF(E6=2, E$63, "Error!!!")), "Error!!!") -> 0.14285714 | F73: =IFERROR(IF(F6=0, F$62, IF(F6=1, F$63, "Error!!!")), "Error!!!") -> 0.053571429 | G73: =IFERROR(IF(G6=1, G$62, IF(G6=2, G$63, "Error!!!")), "Error!!!") -> -0.14285714 | H73: =IFERROR(IF(H6=3, H$62, IF(H6=6, H$63, IF(H6=7, H$64, "Error!!!"))), "Error!!!") -> 0.060763889 | I73: 1
B74: =IFERROR(IF(B7=0, B$62, IF(B7=1, B$63, "Error!!!")), "Error!!!") -> 0.14285714 | C74: =IFERROR(IF(C7=2, C$62, IF(C7=3, C$63, IF(C7=4, C$64, "Error!!!"))), "Error!!!") -> 0.065972222 | D74: =IFERROR(IF(D7=0, D$62, IF(D7=1, D$63, "Error!!!")), "Error!!!") -> 0.074074074 | E74: =IFERROR(IF(E7=0, E$62, IF(E7=2, E$63, "Error!!!")), "Error!!!") -> -0.14285714 | F74: =IFERROR(IF(F7=0, F$62, IF(F7=1, F$63, "Error!!!")), "Error!!!") -> 0.053571429 | G74: =IFERROR(IF(G7=1, G$62, IF(G7=2, G$63, "Error!!!")), "Error!!!") -> 0.14285714 | H74: =IFERROR(IF(H7=3, H$62, IF(H7=6, H$63, IF(H7=7, H$64, "Error!!!"))), "Error!!!") -> 0.060763889 | I74: 1
B75: =IFERROR(IF(B8=0, B$62, IF(B8=1, B$63, "Error!!!")), "Error!!!") -> -0.14285714 | C75: =IFERROR(IF(C8=2, C$62, IF(C8=3, C$63, IF(C8=4, C$64, "Error!!!"))), "Error!!!") -> -0.13194444 | D75: =IFERROR(IF(D8=0, D$62, IF(D8=1, D$63, "Error!!!")), "Error!!!") -> 0.074074074 | E75: =IFERROR(IF(E8=0, E$62, IF(E8=2, E$63, "Error!!!")), "Error!!!") -> 0.14285714 | F75: =IFERROR(IF(F8=0, F$62, IF(F8=1, F$63, "Error!!!")), "Error!!!") -> -0.053571429 | G75: =IFERROR(IF(G8=1, G$62, IF(G8=2, G$63, "Error!!!")), "Error!!!") -> 0.14285714 | H75: =IFERROR(IF(H8=3, H$62, IF(H8=6, H$63, IF(H8=7, H$64, "Error!!!"))), "Error!!!") -> 0.060763889 | I75: 1
B76: =IFERROR(IF(B9=0, B$62, IF(B9=1, B$63, "Error!!!")), "Error!!!") -> -0.14285714 | C76: =IFERROR(IF(C9=2, C$62, IF(C9=3, C$63, IF(C9=4, C$64, "Error!!!"))), "Error!!!") -> 0.065972222 | D76: =IFERROR(IF(D9=0, D$62, IF(D9=1, D$63, "Error!!!")), "Error!!!") -> -0.074074074 | E76: =IFERROR(IF(E9=0, E$62, IF(E9=2, E$63, "Error!!!")), "Error!!!") -> -0.14285714 | F76: =IFERROR(IF(F9=0, F$62, IF(F9=1, F$63, "Error!!!")), "Error!!!") -> 0.053571429 | G76: =IFERROR(IF(G9=1, G$62, IF(G9=2, G$63, "Error!!!")), "Error!!!") -> -0.14285714 | H76: =IFERROR(IF(H9=3, H$62, IF(H9=6, H$63, IF(H9=7, H$64, "Error!!!"))), "Error!!!") -> -0.12152778 | I76: 2
B77: =IFERROR(IF(B10=0, B$62, IF(B10=1, B$63, "Error!!!")), "Error!!!") -> -0.14285714 | C77: =IFERROR(IF(C10=2, C$62, IF(C10=3, C$63, IF(C10=4, C$64, "Error!!!"))), "Error!!!") -> -0.13194444 | D77: =IFERROR(IF(D10=0, D$62, IF(D10=1, D$63, "Error!!!")), "Error!!!") -> 0.074074074 | E77: =IFERROR(IF(E10=0, E$62, IF(E10=2, E$63, "Error!!!")), "Error!!!") -> -0.14285714 | F77: =IFERROR(IF(F10=0, F$62, IF(F10=1, F$63, "Error!!!")), "Error!!!") -> 0.053571429 | G77: =IFERROR(IF(G10=1, G$62, IF(G10=2, G$63, "Error!!!")), "Error!!!") -> -0.14285714 | H77: =IFERROR(IF(H10=3, H$62, IF(H10=6, H$63, IF(H10=7, H$64, "Error!!!"))), "Error!!!") -> 0.060763889 | I77: 2
B78: =IFERROR(IF(B11=0, B$62, IF(B11=1, B$63, "Error!!!")), "Error!!!") -> -0.14285714 | C78: =IFERROR(IF(C11=2, C$62, IF(C11=3, C$63, IF(C11=4, C$64, "Error!!!"))), "Error!!!") -> -0.13194444 | D78: =IFERROR(IF(D11=0, D$62, IF(D11=1, D$63, "Error!!!")), "Error!!!") -> 0.074074074 | E78: =IFERROR(IF(E11=0, E$62, IF(E11=2, E$63, "Error!!!")), "Error!!!") -> -0.14285714 | F78: =IFERROR(IF(F11=0, F$62, IF(F11=1, F$63, "Error!!!")), "Error!!!") -> -0.053571429 | G78: =IFERROR(IF(G11=1, G$62, IF(G11=2, G$63, "Error!!!")), "Error!!!") -> -0.14285714 | H78: =IFERROR(IF(H11=3, H$62, IF(H11=6, H$63, IF(H11=7, H$64, "Error!!!"))), "Error!!!") -> 0.060763889 | I78: 2
B79: =IFERROR(IF(B12=0, B$62, IF(B12=1, B$63, "Error!!!")), "Error!!!") -> 0.14285714 | C79: =IFERROR(IF(C12=2, C$62, IF(C12=3, C$63, IF(C12=4, C$64, "Error!!!"))), "Error!!!") -> -0.13194444 | D79: =IFERROR(IF(D12=0, D$62, IF(D12=1, D$63, "Error!!!")), "Error!!!") -> 0.074074074 | E79: =IFERROR(IF(E12=0, E$62, IF(E12=2, E$63, "Error!!!")), "Error!!!") -> -0.14285714 | F79: =IFERROR(IF(F12=0, F$62, IF(F12=1, F$63, "Error!!!")), "Error!!!") -> -0.053571429 | G79: =IFERROR(IF(G12=1, G$62, IF(G12=2, G$63, "Error!!!")), "Error!!!") -> -0.14285714 | H79: =IFERROR(IF(H12=3, H$62, IF(H12=6, H$63, IF(H12=7, H$64, "Error!!!"))), "Error!!!") -> 0.060763889 | I79: 2
B80: 0 | C80: 0 | D80: 0 | E80: 0 | F80: 0 | G80: 0 | H80: 0

Sheet Dataset (Contribution & Weight)
A1: Heart + Disease with Contribution Values (10, 13, 2)
A2: № | O2: Class
B3: 0.52910083 | C3: -0.14285714 | D3: -0.13194444 | E3: -0.2407405 | F3: -0.0535715 | G3: 0.074074074 | H3: -0.14285714 | I3: 0.2407405 | J3: -0.053571429 | K3: -0.2407405 | L3: -0.14285714 | M3: -0.095238 | N3: 0.060763889 | O3: 2
B4: 0.52910083 | C4: 0.14285714 | D4: 0.065972222 | E4: 0.2407405 | F4: -0.0535715 | G4: 0.074074074 | H4: -0.14285714 | I4: -0.2407405 | J4: -0.053571429 | K4: -0.2407405 | L4: -0.14285714 | M4: 0.095238 | N4: 0.060763889 | O4: 1
B5: -0.52910083 | C5: -0.14285714 | D5: 0.065972222 | E5: -0.2407405 | F5: -0.0535715 | G5: 0.074074074 | H5: 0.14285714 | I5: -0.2407405 | J5: -0.053571429 | K5: 0.2407405 | L5: 0.14285714 | M5: 0.095238 | N5: 0.060763889 | O5: 2
B6: 0.52910083 | C6: -0.14285714 | D6: -0.13194444 | E6: -0.2407405 | F6: -0.0535715 | G6: 0.074074074 | H6: 0.14285714 | I6: 0.2407405 | J6: 0.053571429 | K6: 0.2407405 | L6: -0.14285714 | M6: -0.095238 | N6: 0.060763889 | O6: 1
B7: 0.52910083 | C7: 0.14285714 | D7: 0.065972222 | E7: 0.2407405 | F7: -0.0535715 | G7: 0.074074074 | H7: -0.14285714 | I7: 0.2407405 | J7: 0.053571429 | K7: 0.2407405 | L7: 0.14285714 | M7: -0.095238 | N7: 0.060763889 | O7: 1
B8: 0.52910083 | C8: -0.14285714 | D8: -0.13194444 | E8: 0.2407405 | F8: 0.0535715 | G8: 0.074074074 | H8: 0.14285714 | I8: 0.2407405 | J8: -0.053571429 | K8: 0.2407405 | L8: 0.14285714 | M8: 0.095238 | N8: 0.060763889 | O8: 1
B9: -0.52910083 | C9: -0.14285714 | D9: 0.065972222 | E9: -0.2407405 | F9: -0.0535715 | G9: -0.074074074 | H9: -0.14285714 | I9: -0.2407405 | J9: 0.053571429 | K9: -0.2407405 | L9: -0.14285714 | M9: -0.095238 | N9: -0.12152778 | O9: 2
B10: -0.52910083 | C10: -0.14285714 | D10: -0.13194444 | E10: 0.2407405 | F10: -0.0535715 | G10: 0.074074074 | H10: -0.14285714 | I10: -0.2407405 | J10: 0.053571429 | K10: -0.2407405 | L10: -0.14285714 | M10: -0.095238 | N10: 0.060763889 | O10: 2
B11: -0.52910083 | C11: -0.14285714 | D11: -0.13194444 | E11: -0.2407405 | F11: -0.0535715 | G11: 0.074074074 | H11: -0.14285714 | I11: -0.2407405 | J11: -0.053571429 | K11: -0.2407405 | L11: -0.14285714 | M11: -0.095238 | N11: 0.060763889 | O11: 2
B12: -0.52910083 | C12: 0.14285714 | D12: -0.13194444 | E12: -0.2407405 | F12: -0.0535715 | G12: 0.074074074 | H12: -0.14285714 | I12: -0.2407405 | J12: -0.053571429 | K12: -0.2407405 | L12: -0.14285714 | M12: -0.095238 | N12: 0.060763889 | O12: 2
B13: 1 | C13: 0 | D13: 0 | E13: 1 | F13: 1 | G13: 0 | H13: 0 | I13: 1 | J13: 0 | K13: 1 | L13: 0 | M13: 1 | N13: 0
B16: Weight [Heart-Disease (10, 13, 2)]
B18: 0.634921 | C18: 0.42857143 | D18: 0.79166667 | E18: 0.412698 | F18: 0.214286 | G18: 0.44444444 | H18: 0.42857143 | I18: 0.412698 | J18: 0.32142857 | K18: 0.412698 | L18: 0.42857143 | M18: 0.285714 | N18: 0.72916667
B19: =COUNTIF($B$18:$N$18, ">" & B18) + COUNTIF($B$18:B18, "=" & B18) -> 3 | C19: =COUNTIF($B$18:$N$18, ">" & C18) + COUNTIF($B$18:C18, "=" & C18) -> 5 | D19: =COUNTIF($B$18:$N$18, ">" & D18) + COUNTIF($B$18:D18, "=" & D18) -> 1 | E19: =COUNTIF($B$18:$N$18, ">" & E18) + COUNTIF($B$18:E18, "=" & E18) -> 8 | F19: =COUNTIF($B$18:$N$18, ">" & F18) + COUNTIF($B$18:F18, "=" & F18) -> 13 | G19: =COUNTIF($B$18:$N$18, ">" & G18) + COUNTIF($B$18:G18, "=" & G18) -> 4 | H19: =COUNTIF($B$18:$N$18, ">" & H18) + COUNTIF($B$18:H18, "=" & H18) -> 6 | I19: =COUNTIF($B$18:$N$18, ">" & I18) + COUNTIF($B$18:I18, "=" & I18) -> 9 | ... N19: =COUNTIF($B$18:$N$18, ">" & N18) + COUNTIF($B$18:N18, "=" & N18) -> 2

Sheet Brace for Meta-algorithm
A1: Initial Features | I1: Additional (Latent) Features
A2: № | G2: Class | I2: № | N2: Class
B3: -0.13194444 | C3: 0.074074074 | D3: 0.060763889 | E3: -0.2407405 | F3: -0.053571429 | G3: 2 | J3: -0.37806569 | K3: -0.67699741 | L3: -1.3589807 | M3: -1.9056239 | N3: 2 | Q3: 5
B4: 0.065972222 | C4: 0.074074074 | D4: 0.060763889 | E4: 0.2407405 | F4: -0.053571429 | G4: 1 | J4: 0.40872846 | K4: 0.69225412 | L4: 1.0973332 | M4: 1.1955875 | N4: 1
B5: 0.065972222 | C5: 0.074074074 | D5: 0.060763889 | E5: -0.2407405 | F5: -0.053571429 | G5: 2 | J5: -0.14942742 | K5: -0.4136154 | L5: -1.0620338 | M5: -1.5793807 | N5: 2
B6: -0.13194444 | C6: 0.074074074 | D6: 0.060763889 | E6: -0.2407405 | F6: 0.053571429 | G6: 1 | J6: 0.23923915 | K6: 0.54607491 | L6: 0.55066154 | M6: 0.80910909 | N6: 1
B7: 0.065972222 | C7: 0.074074074 | D7: 0.060763889 | E7: 0.2407405 | F7: 0.053571429 | G7: 1 | J7: 0.40872846 | K7: 0.69225412 | L7: 1.0973332 | M7: 1.2912244 | N7: 1
B8: -0.13194444 | C8: 0.074074074 | D8: 0.060763889 | E8: 0.2407405 | F8: -0.053571429 | G8: 1 | J8: 0.23923915 | K8: 0.54607491 | L8: 0.96858288 | M8: 1.0814391 | N8: 1
B9: 0.065972222 | C9: -0.074074074 | D9: -0.12152778 | E9: -0.2407405 | F9: 0.053571429 | G9: 2 | J9: -0.32058778 | K9: -0.82013351 | L9: -1.5186565 | M9: -1.9627812 | N9: 2
B10: -0.13194444 | C10: 0.074074074 | D10: 0.060763889 | E10: 0.2407405 | F10: 0.053571429 | G10: 2 | J10: -0.37806569 | K10: -0.67699741 | L10: -0.81342788 | M10: -1.181445 | N10: 2
B11: -0.13194444 | C11: 0.074074074 | D11: 0.060763889 | E11: -0.2407405 | F11: -0.053571429 | G11: 2 | J11: -0.37806569 | K11: -0.67699741 | L11: -1.3589807 | M11: -1.9056239 | N11: 2
B12: -0.13194444 | C12: 0.074074074 | D12: 0.060763889 | E12: -0.2407405 | F12: -0.053571429 | G12: 2 | J12: -0.37806569 | K12: -0.67699741 | L12: -1.3589807 | M12: -1.9056239 | N12: 2
B14: Total Number of Initial Features - | E14: 5 | J14: Total Number of Additional Features - | M14: 4
A21: Dataset for Meta-algorithms [Heart + Disease (10, 13, 2)]
A22: № | K22: Class | M22: K1 = 4
B23: -0.13194444 | C23: 0.074074074 | D23: 0.060763889 | E23: -0.2407405 | F23: -0.053571429 | G23: -0.37806569 | H23: -0.67699741 | I23: -1.3589807 | J23: -1.9056239 | K23: 2 | M23: K2 = 6
B24: 0.065972222 | C24: 0.074074074 | D24: 0.060763889 | E24: 0.2407405 | F24: -0.053571429 | G24: 0.40872846 | H24: 0.69225412 | I24: 1.0973332 | J24: 1.1955875 | K24: 1
B25: 0.065972222 | C25: 0.074074074 | D25: 0.060763889 | E25: -0.2407405 | F25: -0.053571429 | G25: -0.14942742 | H25: -0.4136154 | I25: -1.0620338 | J25: -1.5793807 | K25: 2 | M25: Color of Initial Features
B26: -0.13194444 | C26: 0.074074074 | D26: 0.060763889 | E26: -0.2407405 | F26: 0.053571429 | G26: 0.23923915 | H26: 0.54607491 | I26: 0.55066154 | J26: 0.80910909 | K26: 1 | M26: Color of Additional Features
B27: 0.065972222 | C27: 0.074074074 | D27: 0.060763889 | E27: 0.2407405 | F27: 0.053571429 | G27: 0.40872846 | H27: 0.69225412 | I27: 1.0973332 | J27: 1.2912244 | K27: 1
B28: -0.13194444 | C28: 0.074074074 | D28: 0.060763889 | E28: 0.2407405 | F28: -0.053571429 | G28: 0.23923915 | H28: 0.54607491 | I28: 0.96858288 | J28: 1.0814391 | K28: 1
B29: 0.065972222 | C29: -0.074074074 | D29: -0.12152778 | E29: -0.2407405 | F29: 0.053571429 | G29: -0.32058778 | H29: -0.82013351 | I29: -1.5186565 | J29: -1.9627812 | K29: 2
B30: -0.13194444 | C30: 0.074074074 | D30: 0.060763889 | E30: 0.2407405 | F30: 0.053571429 | G30: -0.37806569 | H30: -0.67699741 | I30: -0.81342788 | J30: -1.181445 | K30: 2
B31: -0.13194444 | C31: 0.074074074 | D31: 0.060763889 | E31: -0.2407405 | F31: -0.053571429 | G31: -0.37806569 | H31: -0.67699741 | I31: -1.3589807 | J31: -1.9056239 | K31: 2
B32: -0.13194444 | C32: 0.074074074 | D32: 0.060763889 | E32: -0.2407405 | F32: -0.053571429 | G32: -0.37806569 | H32: -0.67699741 | I32: -1.3589807 | J32: -1.9056239 | K32: 2
A40: Classifying a New Object with Meta-algorithm [Heart + Disease (10, 13, 2)]
A42: Criterion 1 (Quantitative Features)
A43: №
B44: 56 | C44: 63 | D44: 74 | E44: 0.634921
B45: 110 | C45: 120 | D45: 150 | E45: 0.412698 | F45: We need only this FEATURE !!! Cause only this is in the SET among Quant. Features
B46: 177 | C46: 177 | D46: 564 | E46: 0.214286
B47: 105 | C47: 140 | D47: 170 | E47: 0.412698
B48: 0.2 | C48: 0.4 | D48: 4 | E48: 0.412698
B49: 0 | C49: 0 | D49: 3 | E49: 0.285714
D52: № | F52: Class
E53: 110 | F53: 2
E54: 115 | F54: 1 | H54: Class 1
E55: 120 | F55: 1
E56: 120 | F56: 1
E57: 124 | F57: 2
E58: 128 | F58: 1
E59: 130 | F59: 2 | H59: Class 2
E60: 130 | F60: 2
E61: 140 | F61: 2
E62: 150 | F62: 2
E64: =AVERAGE(E56,E57) -> 122
E66: ↓
A68: Classifying a New Object with Meta-algorithm [Heart + Disease (10, 13, 2)]
A69: № | G69: Class
B70: 4 | C70: 0 | D70: 7 | E70: 135 | F70: 0 | G70: *
B71: 3 | C71: 6 | D71: 13 | E71: 4 | F71: 9
E73: ↓
A75: Classifying a New Object with Meta-algorithm [Heart + Disease (10, 13, 2)]
A76: № | G76: Class
B77: 4 | C77: 0 | D77: 7 | E77: 2 | F77: 0 | G77: *
B78: 3 | C78: 6 | D78: 13 | E78: 4 | F78: 9
A86: Training Dataset for Meta-algorithm [Heart + Disease (10, 13, 2)]
A87: № | K87: Class
B88: 4 | C88: 0 | D88: 3 | E88: 2 | F88: 0 | G88: -0.37806569 | H88: -0.67699741 | I88: -1.3589807 | J88: -1.9056239 | K88: 2
B89: 3 | C89: 0 | D89: 7 | E89: 1 | F89: 0 | G89: 0.40872846 | H89: 0.69225412 | I89: 1.0973332 | J89: 1.1955875 | K89: 1
B90: 2 | C90: 0 | D90: 7 | E90: 2 | F90: 0 | G90: -0.14942742 | H90: -0.4136154 | I90: -1.0620338 | J90: -1.5793807 | K90: 2
B91: 4 | C91: 0 | D91: 7 | E91: 2 | F91: 1 | G91: 0.23923915 | H91: 0.54607491 | I91: 0.55066154 | J91: 0.80910909 | K91: 1
B92: 2 | C92: 0 | D92: 3 | E92: 1 | F92: 1 | G92: 0.40872846 | H92: 0.69225412 | I92: 1.0973332 | J92: 1.2912244 | K92: 1
B93: 4 | C93: 0 | D93: 7 | E93: 1 | F93: 0 | G93: 0.23923915 | H93: 0.54607491 | I93: 0.96858288 | J93: 1.0814391 | K93: 1
B94: 3 | C94: 1 | D94: 6 | E94: 2 | F94: 1 | G94: -0.32058778 | H94: -0.82013351 | I94: -1.5186565 | J94: -1.9627812 | K94: 2
B95: 4 | C95: 0 | D95: 7 | E95: 1 | F95: 1 | G95: -0.37806569 | H95: -0.67699741 | I95: -0.81342788 | J95: -1.181445 | K95: 2
B96: 4 | C96: 0 | D96: 7 | E96: 2 | F96: 0 | G96: -0.37806569 | H96: -0.67699741 | I96: -1.3589807 | J96: -1.9056239 | K96: 2
B97: 4 | C97: 0 | D97: 7 | E97: 2 | F97: 0 | G97: -0.37806569 | H97: -0.67699741 | I97: -1.3589807 | J97: -1.9056239 | K97: 2
A101: Sorted Training Dataset based on Classes for Meta-algorithm [Heart + Disease (10, 13, 2)]
A102: № | K102: Class
B103: 3 | C103: 0 | D103: 7 | E103: 1 | F103: 0 | G103: 0.40872846 | H103: 0.69225412 | I103: 1.0973332 | J103: 1.1955875 | K103: 1
B104: 4 | C104: 0 | D104: 7 | E104: 2 | F104: 1 | G104: 0.23923915 | H104: 0.54607491 | I104: 0.55066154 | J104: 0.80910909 | K104: 1
B105: 2 | C105: 0 | D105: 3 | E105: 1 | F105: 1 | G105: 0.40872846 | H105: 0.69225412 | I105: 1.0973332 | J105: 1.2912244 | K105: 1
B106: 4 | C106: 0 | D106: 7 | E106: 1 | F106: 0 | G106: 0.23923915 | H106: 0.54607491 | I106: 0.96858288 | J106: 1.0814391 | K106: 1
B107: 4 | C107: 0 | D107: 3 | E107: 2 | F107: 0 | G107: -0.37806569 | H107: -0.67699741 | I107: -1.3589807 | J107: -1.9056239 | K107: 2
B108: 2 | C108: 0 | D108: 7 | E108: 2 | F108: 0 | G108: -0.14942742 | H108: -0.4136154 | I108: -1.0620338 | J108: -1.5793807 | K108: 2
B109: 3 | C109: 1 | D109: 6 | E109: 2 | F109: 1 | G109: -0.32058778 | H109: -0.82013351 | I109: -1.5186565 | J109: -1.9627812 | K109: 2
B110: 4 | C110: 0 | D110: 7 | E110: 1 | F110: 1 | G110: -0.37806569 | H110: -0.67699741 | I110: -0.81342788 | J110: -1.181445 | K110: 2
B111: 4 | C111: 0 | D111: 7 | E111: 2 | F111: 0 | G111: -0.37806569 | H111: -0.67699741 | I111: -1.3589807 | J111: -1.9056239 | K111: 2
B112: 4 | C112: 0 | D112: 7 | E112: 2 | F112: 0 | G112: -0.37806569 | H112: -0.67699741 | I112: -1.3589807 | J112: -1.9056239 | K112: 2
A116: Original Training Dataset for Meta-algorithm [Heart + Disease (10, 13, 2)] | I116: Additional (Latent) Training Dataset for Meta-algorithm [Heart + Disease (10, 13, 2)]
A117: № | G117: Class | I117: № | N117: Class
B118: 3 | C118: 0 | D118: 7 | E118: 1 | F118: 0 | G118: 1 | J118: 0.40872846 | K118: 0.69225412 | L118: 1.0973332 | M118: 1.1955875 | N118: 1
B119: 4 | C119: 0 | D119: 7 | E119: 2 | F119: 1 | G119: 1 | J119: 0.23923915 | K119: 0.54607491 | L119: 0.55066154 | M119: 0.80910909 | N119: 1
B120: 2 | C120: 0 | D120: 3 | E120: 1 | F120: 1 | G120: 1 | J120: 0.40872846 | K120: 0.69225412 | L120: 1.0973332 | M120: 1.2912244 | N120: 1
B121: 4 | C121: 0 | D121: 7 | E121: 1 | F121: 0 | G121: 1 | J121: 0.23923915 | K121: 0.54607491 | L121: 0.96858288 | M121: 1.0814391 | N121: 1
B122: 4 | C122: 0 | D122: 3 | E122: 2 | F122: 0 | G122: 2 | J122: -0.37806569 | K122: -0.67699741 | L122: -1.3589807 | M122: -1.9056239 | N122: 2
B123: 2 | C123: 0 | D123: 7 | E123: 2 | F123: 0 | G123: 2 | J123: -0.14942742 | K123: -0.4136154 | L123: -1.0620338 | M123: -1.5793807 | N123: 2
B124: 3 | C124: 1 | D124: 6 | E124: 2 | F124: 1 | G124: 2 | J124: -0.32058778 | K124: -0.82013351 | L124: -1.5186565 | M124: -1.9627812 | N124: 2
B125: 4 | C125: 0 | D125: 7 | E125: 1 | F125: 1 | G125: 2 | J125: -0.37806569 | K125: -0.67699741 | L125: -0.81342788 | M125: -1.181445 | N125: 2
B126: 4 | C126: 0 | D126: 7 | E126: 2 | F126: 0 | G126: 2 | J126: -0.37806569 | K126: -0.67699741 | L126: -1.3589807 | M126: -1.9056239 | N126: 2
B127: 4 | C127: 0 | D127: 7 | E127: 2 | F127: 0 | G127: 2 | J127: -0.37806569 | K127: -0.67699741 | L127: -1.3589807 | M127: -1.9056239 | N127: 2

Sheet Meta-algorithm
A1: Original Training Dataset for Meta-algorithm [Heart + Disease (10, 13, 2)] | I1: Additional (Latent) Training Dataset for Meta-algorithm [Heart + Disease (10, 13, 2)]
G2: Class | N2: Class
B3: 3 | C3: 0 | D3: 7 | E3: 1 | F3: 0 | G3: 1 | J3: 0.40872846 | K3: 0.69225412 | L3: 1.0973332 | M3: 1.1955875 | N3: 1 | Q3: 5
B4: 4 | C4: 0 | D4: 7 | E4: 2 | F4: 1 | G4: 1 | J4: 0.23923915 | K4: 0.54607491 | L4: 0.55066154 | M4: 0.80910909 | N4: 1 | Q4: =Q3-1 -> 4
B5: 2 | C5: 0 | D5: 3 | E5: 1 | F5: 1 | G5: 1 | J5: 0.40872846 | K5: 0.69225412 | L5: 1.0973332 | M5: 1.2912244 | N5: 1
B6: 4 | C6: 0 | D6: 7 | E6: 1 | F6: 0 | G6: 1 | J6: 0.23923915 | K6: 0.54607491 | L6: 0.96858288 | M6: 1.0814391 | N6: 1 | Q6: 4
B7: 4 | C7: 0 | D7: 3 | E7: 2 | F7: 0 | G7: 2 | J7: -0.37806569 | K7: -0.67699741 | L7: -1.3589807 | M7: -1.9056239 | N7: 2 | Q7: 6
B8: 2 | C8: 0 | D8: 7 | E8: 2 | F8: 0 | G8: 2 | J8: -0.14942742 | K8: -0.4136154 | L8: -1.0620338 | M8: -1.5793807 | N8: 2
B9: 3 | C9: 1 | D9: 6 | E9: 2 | F9: 1 | G9: 2 | J9: -0.32058778 | K9: -0.82013351 | L9: -1.5186565 | M9: -1.9627812 | N9: 2
B10: 4 | C10: 0 | D10: 7 | E10: 1 | F10: 1 | G10: 2 | J10: -0.37806569 | K10: -0.67699741 | L10: -0.81342788 | M10: -1.181445 | N10: 2
B11: 4 | C11: 0 | D11: 7 | E11: 2 | F11: 0 | G11: 2 | J11: -0.37806569 | K11: -0.67699741 | L11: -1.3589807 | M11: -1.9056239 | N11: 2
B12: 4 | C12: 0 | D12: 7 | E12: 2 | F12: 0 | G12: 2 | J12: -0.37806569 | K12: -0.67699741 | L12: -1.3589807 | M12: -1.9056239 | N12: 2
A16: Step 1
K18: =Q3-1 -> 4
K19: 0
A22: Classifying a New Object with Meta-algorithm [Heart + Disease (10, 13, 2)]
G23: Class
B24: 4 | C24: 0 | D24: 7 | E24: 2 | F24: 0 | G24: *
B25: 3 | C25: 6 | D25: 13 | E25: 4 | F25: 9
B26: ↓
B30: 3 | D30: The Organizer of GA with the Value of Original Training Dataset
B31: 4 | F31: Class
B32: 2 | C32: → | E32: 4 | F32: 1 | H32: →
B33: 4 | E33: 4 | F33: 1
B34: 4 | E34: 4 | F34: 2 | H34: →
B35: 2 | C35: → | E35: 4 | F35: 2
B36: 3 | E36: 4 | F36: 2
B37: 4 | E37: 4 | F37: 2
B38: 4
B39: 4
A43: Step 2
K45: =Q3-1 -> 4
K46: 1
A49: Classifying a New Object with Meta-algorithm [Heart + Disease (10, 13, 2)]
G50: Class
B51: 4 | C51: 0 | D51: 7 | E51: 2 | F51: 0 | G51: *
B52: 3 | C52: 6 | D52: 13 | E52: 4 | F52: 9
C53: ↓
A55: The Second Feature of GA with the Value of Original Training Dataset | J55: Apply Original Feature Condition
B57: 0 | M57: Apply Latent Sign Condition
B58: 0 | J58: Match? | N58: Sign | O58: Keep?
B59: 0 | C59: → | F59: → | H59: 0 | I59: → | J59: ✅ | M59: 0.23923915 | N59: + | O59: ✅ | P59: →
B60: 0 | H60: 0 | J60: ✅ | K60: & | M60: 0.23923915 | N60: + | O60: ✅
B61: 0 | H61: 0 | J61: ✅ | K61: & | M61: -0.37806569 | N61: - | O61: ✅
B62: 0 | C62: → | F62: → | H62: 0 | I62: → | J62: ✅ | M62: -0.37806569 | N62: - | O62: ✅ | P62: →
B63: 1 | H63: 0 | J63: ✅ | M63: -0.37806569 | N63: - | O63: ✅
B64: 0 | H64: 0 | J64: ✅ | M64: -0.37806569 | N64: - | O64: ✅
B65: 0
B66: 0
A70: Step 3
B72: Checking STEP 3 condition
F73: 1
F74: =Q3-1 -> 4
A75: TRUE | B75: =IF(AND(F73<F74), "Go back to Step 2", "Go to Step 4") -> Go back to Step 2
A83: Step 2
K85: =Q3-1 -> 4
K86: 2
A89: Classifying a New Object with Meta-algorithm [Heart + Disease (10, 13, 2)]
G90: Class
B91: 4 | C91: 0 | D91: 7 | E91: 2 | F91: 0 | G91: *
B92: 3 | C92: 6 | D92: 13 | E92: 4 | F92: 9
D93: ↓
A95: The Second Feature of GA with the Value of Original Training Dataset | J95: Apply Original Feature Condition
B97: 7 | M97: Apply Latent Sign Condition
B98: 7 | J98: Match? | N98: Sign | O98: Keep?
B99: 3 | C99: → | F99: → | H99: 7 | I99: → | J99: ✅ | M99: 0.54607491 | N99: + | O99: ✅ | P99: →
B100: 7 | H100: 7 | J100: ✅ | K100: & | M100: 0.54607491 | N100: + | O100: ✅
B101: 3 | H101: 3 | J101: ❌ | K101: & | M101: -0.67699741 | N101: - | O101: ✅
B102: 7 | C102: → | F102: → | H102: 7 | I102: → | J102: ✅ | M102: -0.67699741 | N102: - | O102: ✅ | P102: →
B103: 6 | H103: 7 | J103: ✅ | M103: -0.67699741 | N103: - | O103: ✅
B104: 7 | H104: 7 | J104: ✅ | M104: -0.67699741 | N104: - | O104: ✅
B105: 7
B106: 7
A110: Step 3
B112: Checking STEP 3 condition
F113: 2
F114: =Q3-1 -> 4
A115: TRUE | B115: =IF(AND(F113<F114), "Go back to Step 2", "Go to Step 4") -> Go back to Step 2
A123: Step 2
K125: =Q3-1 -> 4
K126: 3
A129: Classifying a New Object with Meta-algorithm [Heart + Disease (10, 13, 2)]
G130: Class
B131: 4 | C131: 0 | D131: 7 | E131: 2 | F131: 0 | G131: *
B132: 3 | C132: 6 | D132: 13 | E132: 4 | F132: 9
E133: ↓
A135: The Second Feature of GA with the Value of Original Training Dataset | J135: Apply Original Feature Condition
B137: 1 | M137: Apply Latent Sign Condition
B138: 2 | J138: Match? | N138: Sign | O138: Keep?
B139: 1 | C139: → | F139: → | H139: 2 | I139: → | J139: ✅ | M139: 0.55066154 | N139: + | O139: ✅ | P139: →
B140: 1 | H140: 1 | J140: ❌ | K140: & | M140: 0.96858288 | N140: + | O140: ✅
B141: 2 | H141: 1 | J141: ❌ | K141: & | M141: -0.81342788 | N141: - | O141: ✅
B142: 2 | C142: → | F142: → | H142: 2 | I142: → | J142: ✅ | M142: -1.3589807 | N142: - | O142: ✅ | P142: →
B143: 2 | H143: 2 | J143: ✅ | M143: -1.3589807 | N143: - | O143: ✅
B144: 1
B145: 2
B146: 2
A150: Step 3
B152: Checking STEP 3 condition
F153: 3
...

Sheet Margin Analysis
A1: Additional (Latent) Training Dataset [Heart + Disease (10, 13, 2)] | G1: Margin with Majorizer Functions | J1: Additional (Latent) Training Dataset [Heart + Disease (10, 13, 2)]
A2: № | F2: Class | J2: № | O2: Class | Q2: Class 1 | R2: = | S2: Positive (+1) | U2: Classification Rule | X2: Margin Definition
B3: -0.37806569 | C3: -0.67699741 | D3: -1.3589807 | E3: -1.9056239 | F3: 2 | K3: 0.40872846 | L3: 0.69225412 | M3: 1.0973332 | N3: 1.1955875 | O3: 1 | Q3: Class 2 | R3: = | S3: Negative (-1) | X3: where,
B4: 0.40872846 | C4: 0.69225412 | D4: 1.0973332 | E4: 1.1955875 | F4: 1 | K4: 0.23923915 | L4: 0.54607491 | M4: 0.55066154 | N4: 0.80910909 | O4: 1
B5: -0.14942742 | C5: -0.4136154 | D5: -1.0620338 | E5: -1.5793807 | F5: 2 | K5: 0.40872846 | L5: 0.69225412 | M5: 1.0973332 | N5: 1.2912244 | O5: 1 | Q5: Decision boundary (center of margin)
B6: 0.23923915 | C6: 0.54607491 | D6: 0.55066154 | E6: 0.80910909 | F6: 1 | K6: 0.23923915 | L6: 0.54607491 | M6: 0.96858288 | N6: 1.0814391 | O6: 1
B7: 0.40872846 | C7: 0.69225412 | D7: 1.0973332 | E7: 1.2912244 | F7: 1 | K7: -0.37806569 | L7: -0.67699741 | M7: -1.3589807 | N7: -1.9056239 | O7: 2
B8: 0.23923915 | C8: 0.54607491 | D8: 0.96858288 | E8: 1.0814391 | F8: 1 | K8: -0.14942742 | L8: -0.4136154 | M8: -1.0620338 | N8: -1.5793807 | O8: 2 | X8: In our case, Margin Definition would be
B9: -0.32058778 | C9: -0.82013351 | D9: -1.5186565 | E9: -1.9627812 | F9: 2 | K9: -0.32058778 | L9: -0.82013351 | M9: -1.5186565 | N9: -1.9627812 | O9: 2 | X9: where,
B10: -0.37806569 | C10: -0.67699741 | D10: -0.81342788 | E10: -1.181445 | F10: 2 | K10: -0.37806569 | L10: -0.67699741 | M10: -0.81342788 | N10: -1.181445 | O10: 2 | Q10: Margin
B11: -0.37806569 | C11: -0.67699741 | D11: -1.3589807 | E11: -1.9056239 | F11: 2 | K11: -0.37806569 | L11: -0.67699741 | M11: -1.3589807 | N11: -1.9056239 | O11: 2
B12: -0.37806569 | C12: -0.67699741 | D12: -1.3589807 | E12: -1.9056239 | F12: 2 | K12: -0.37806569 | L12: -0.67699741 | M12: -1.3589807 | N12: -1.9056239 | O12: 2
D17: Helper Columns for the Chart
A18: № | C18: Class | D18: Class 1 (X) | E18: Class 2 (X) | Q18: № | R18: Object Margin
A19: S1 | B19: -0.37806569 | C19: 2 | D19: =IF(C19=1,B19,NA()) -> #N/A | E19: =IF(C19=2,B19,NA()) -> -0.37806569 | J19: Decision boundary (Margin Midpoint) | Q19: S1 | R19: =IF(C19=1,1,-1)*(B19-$K$20) -> 0.42297155 | S19: =IF(B19>$K$20,1,2) -> 2
A20: S2 | B20: 0.40872846 | C20: 1 | D20: =IF(C20=1,B20,NA()) -> 0.40872846 | E20: =IF(C20=2,B20,NA()) -> #N/A | K20: =(_xlfn.MINIFS(B19:B28,C19:C28,1)+_xlfn.MAXIFS(B19:B28,C19:C28,2))/2 -> 0.044905866 | Q20: S2 | R20: =IF(C20=1,1,-1)*(B20-$K$20) -> 0.36382259 | S20: =IF(B20>$K$20,1,2) -> 1
A21: S3 | B21: -0.14942742 | C21: 2 | D21: =IF(C21=1,B21,NA()) -> #N/A | E21: =IF(C21=2,B21,NA()) -> -0.14942742 | Q21: S3 | R21: =IF(C21=1,1,-1)*(B21-$K$20) -> 0.19433328 | S21: =IF(B21>$K$20,1,2) -> 2
A22: S4 | B22: 0.23923915 | C22: 1 | D22: =IF(C22=1,B22,NA()) -> 0.23923915 | E22: =IF(C22=2,B22,NA()) -> #N/A | G22: Left margin boundary | M22: Right margin boundary | Q22: S4 | R22: =IF(C22=1,1,-1)*(B22-$K$20) -> 0.19433328 | S22: =IF(B22>$K$20,1,2) -> 1
A23: S5 | B23: 0.40872846 | C23: 1 | D23: =IF(C23=1,B23,NA()) -> 0.40872846 | E23: =IF(C23=2,B23,NA()) -> #N/A | G23: =INDEX(A19:A28,MATCH(_xlfn.MAXIFS(B19:B28,C19:C28,2),B19:B28,0)) -> S3 | H23: = | I23: =_xlfn.MAXIFS(B19:B28,C19:C28,2) -> -0.14942742 | M23: =INDEX(A19:A28,MATCH(_xlfn.MINIFS(B19:B28,C19:C28,1),B19:B28,0)) -> S4 | N23: = | O23: =_xlfn.MINIFS(B19:B28,C19:C28,1) -> 0.23923915 | Q23: S5 | R23: =IF(C23=1,1,-1)*(B23-$K$20) -> 0.36382259 | S23: =IF(B23>$K$20,1,2) -> 1
A24: S6 | B24: 0.23923915 | C24: 1 | D24: =IF(C24=1,B24,NA()) -> 0.23923915 | E24: =IF(C24=2,B24,NA()) -> #N/A | M24: S6 | N24: = | O24: =_xlfn.MINIFS(B19:B28,C19:C28,1) -> 0.23923915 | Q24: S6 | R24: =IF(C24=1,1,-1)*(B24-$K$20) -> 0.19433328 | S24: =IF(B24>$K$20,1,2) -> 1
A25: S7 | B25: -0.32058778 | C25: 2 | D25: =IF(C25=1,B25,NA()) -> #N/A | E25: =IF(C25=2,B25,NA()) -> -0.32058778 | K25: =_xlfn.MINIFS(B19:B28,C19:C28,1)-_xlfn.MAXIFS(B19:B28,C19:C28,2) -> 0.38866657 | Q25: S7 | R25: =IF(C25=1,1,-1)*(B25-$K$20) -> 0.36549364 | S25: =IF(B25>$K$20,1,2) -> 2
A26: S8 | B26: -0.37806569 | C26: 2 | D26: =IF(C26=1,B26,NA()) -> #N/A | E26: =IF(C26=2,B26,NA()) -> -0.37806569 | J26: Margin width | Q26: S8 | R26: =IF(C26=1,1,-1)*(B26-$K$20) -> 0.42297155 | S26: =IF(B26>$K$20,1,2) -> 2
A27: S9 | B27: -0.37806569 | C27: 2 | D27: =IF(C27=1,B27,NA()) -> #N/A | E27: =IF(C27=2,B27,NA()) -> -0.37806569 | Q27: S9 | R27: =IF(C27=1,1,-1)*(B27-$K$20) -> 0.42297155 | S27: =IF(B27>$K$20,1,2) -> 2
A28: S10 | B28: -0.37806569 | C28: 2 | D28: =IF(C28=1,B28,NA()) -> #N/A | E28: =IF(C28=2,B28,NA()) -> -0.37806569 | Q28: S10 | R28: =IF(C28=1,1,-1)*(B28-$K$20) -> 0.42297155 | S28: =IF(B28>$K$20,1,2) -> 2
D33: Helper Columns for the Chart
A34: № | C34: Class | D34: Class 1 (X) | E34: Class 2 (X)
A35: S1 | B35: -0.67699741 | C35: 2 | D35: =IF(C35=1,B35,NA()) -> #N/A | E35: =IF(C35=2,B35,NA()) -> -0.67699741 | J35: Decision boundary (Margin Midpoint)
A36: S2 | B36: 0.69225412 | C36: 1 | D36: =IF(C36=1,B36,NA()) -> 0.69225412 | E36: =IF(C36=2,B36,NA()) -> #N/A | K36: =(_xlfn.MINIFS(B35:B44,C35:C44,1)+_xlfn.MAXIFS(B35:B44,C35:C44,2))/2 -> 0.066229755
A37: S3 | B37: -0.4136154 | C37: 2 | D37: =IF(C37=1,B37,NA()) -> #N/A | E37: =IF(C37=2,B37,NA()) -> -0.4136154
A38: S4 | B38: 0.54607491 | C38: 1 | D38: =IF(C38=1,B38,NA()) -> 0.54607491 | E38: =IF(C38=2,B38,NA()) -> #N/A | G38: Left margin boundary | M38: Right margin boundary
A39: S5 | B39: 0.69225412 | C39: 1 | D39: =IF(C39=1,B39,NA()) -> 0.69225412 | E39: =IF(C39=2,B39,NA()) -> #N/A | G39: =INDEX(A35:A44,MATCH(_xlfn.MAXIFS(B35:B44,C35:C44,2),B35:B44,0)) -> S3 | H39: = | I39: =_xlfn.MAXIFS(B35:B44,C35:C44,2) -> -0.4136154 | M39: =INDEX(A35:A44,MATCH(_xlfn.MINIFS(B35:B44,C35:C44,1),B35:B44,0)) -> S4 | N39: = | O39: =_xlfn.MINIFS(B35:B44,C35:C44,1) -> 0.54607491
A40: S6 | B40: 0.54607491 | C40: 1 | D40: =IF(C40=1,B40,NA()) -> 0.54607491 | E40: =IF(C40=2,B40,NA()) -> #N/A | M40: S6 | N40: = | O40: =_xlfn.MINIFS(B35:B44,C35:C44,1) -> 0.54607491
A41: S7 | B41: -0.82013351 | C41: 2 | D41: =IF(C41=1,B41,NA()) -> #N/A | E41: =IF(C41=2,B41,NA()) -> -0.82013351 | K41: =_xlfn.MINIFS(B35:B44,C35:C44,1)-_xlfn.MAXIFS(B35:B44,C35:C44,2) -> 0.95969031
A42: S8 | B42: -0.67699741 | C42: 2 | D42: =IF(C42=1,B42,NA()) -> #N/A | E42: =IF(C42=2,B42,NA()) -> -0.67699741 | J42: Margin width
A43: S9 | B43: -0.67699741 | C43: 2 | D43: =IF(C43=1,B43,NA()) -> #N/A | E43: =IF(C43=2,B43,NA()) -> -0.67699741
A44: S10 | B44: -0.67699741 | C44: 2 | D44: =IF(C44=1,B44,NA()) -> #N/A | E44: =IF(C44=2,B44,NA()) -> -0.67699741
D49: Helper Columns for the Chart
A50: № | C50: Class | D50: Class 1 (X) | E50: Class 2 (X)
A51: S1 | B51: -1.3589807 | C51: 2 | D51: =IF(C51=1,B51,NA()) -> #N/A | E51: =IF(C51=2,B51,NA()) -> -1.3589807 | J51: Decision boundary (Margin Midpoint)
A52: S2 | B52: 1.0973332 | C52: 1 | D52: =IF(C52=1,B52,NA()) -> 1.0973332 | E52: =IF(C52=2,B52,NA()) -> #N/A | K52: =(_xlfn.MINIFS(B51:B60,C51:C60,1)+_xlfn.MAXIFS(B51:B60,C51:C60,2))/2 -> -0.13138317
A53: S3 | B53: -1.0620338 | C53: 2 | D53: =IF(C53=1,B53,NA()) -> #N/A | E53: =IF(C53=2,B53,NA()) -> -1.0620338
A54: S4 | B54: 0.55066154 | C54: 1 | D54: =IF(C54=1,B54,NA()) -> 0.55066154 | E54: =IF(C54=2,B54,NA()) -> #N/A | G54: Left margin boundary | M54: Right margin boundary
A55: S5 | B55: 1.0973332 | C55: 1 | D55: =IF(C55=1,B55,NA()) -> 1.0973332 | E55: =IF(C55=2,B55,NA()) -> #N/A | G55: =INDEX(A51:A60,MATCH(_xlfn.MAXIFS(B51:B60,C51:C60,2),B51:B60,0)) -> S8 | H55: = | I55: =_xlfn.MAXIFS(B51:B60,C51:C60,2) -> -0.81342788 | M55: =INDEX(A51:A60,MATCH(_xlfn.MINIFS(B51:B60,C51:C60,1),B51:B60,0)) -> S4 | N55: = | O55: =_xlfn.MINIFS(B51:B60,C51:C60,1) -> 0.55066154
A56: S6 | B56: 0.96858288 | C56: 1 | D56: =IF(C56=1,B56,NA()) -> 0.96858288 | E56: =IF(C56=2,B56,NA()) -> #N/A
A57: S7 | B57: -1.5186565 | C57: 2 | D57: =IF(C57=1,B57,NA()) -> #N/A | E57: =IF(C57=2,B57,NA()) -> -1.5186565 | K57: =_xlfn.MINIFS(B51:B60,C51:C60,1)-_xlfn.MAXIFS(B51:B60,C51:C60,2) -> 1.3640894
A58: S8 | B58: -0.81342788 | C58: 2 | D58: =IF(C58=1,B58,NA()) -> #N/A | E58: =IF(C58=2,B58,NA()) -> -0.81342788 | J58: Margin width
A59: S9 | B59: -1.3589807 | C59: 2 | D59: =IF(C59=1,B59,NA()) -> #N/A | E59: =IF(C59=2,B59,NA()) -> -1.3589807
A60: S10 | B60: -1.3589807 | C60: 2 | D60: =IF(C60=1,B60,NA()) -> #N/A | E60: =IF(C60=2,B60,NA()) -> -1.3589807
D65: Helper Columns for the Chart
A66: № | C66: Class | D66: Class 1 (X) | E66: Class 2 (X)
A67: S1 | B67: -1.9056239 | C67: 2 | D67: =IF(C67=1,B67,NA()) -> #N/A | E67: =IF(C67=2,B67,NA()) -> -1.9056239 | J67: Decision boundary (Margin Midpoint)
A68: S2 | B68: 1.1955875 | C68: 1 | D68: =IF(C68=1,B68,NA()) -> 1.1955875 | E68: =IF(C68=2,B68,NA()) -> #N/A | K68: =(_xlfn.MINIFS(B67:B76,C67:C76,1)+_xlfn.MAXIFS(B67:B76,C67:C76,2))/2 -> -0.18616795
A69: S3 | B69: -1.5793807 | C69: 2 | D69: =IF(C69=1,B69,NA()) -> #N/A | E69: =IF(C69=2,B69,NA()) -> -1.5793807
A70: S4 | B70: 0.80910909 | C70: 1 | D70: =IF(C70=1,B70,NA()) -> 0.80910909 | E70: =IF(C70=2,B70,NA()) -> #N/A | G70: Left margin boundary | M70: Right margin boundary
A71: S5 | B71: 1.2912244 | C71: 1 | D71: =IF(C71=1,B71,NA()) -> 1.2912244 | E71: =IF(C71=2,B71,NA()) -> #N/A | G71: =INDEX(A67:A76,MATCH(_xlfn.MAXIFS(B67:B76,C67:C76,2),B67:B76,0)) -> S8 | H71: = | I71: =_xlfn.MAXIFS(B67:B76,C67:C76,2) -> -1.181445 | M71: =INDEX(A67:A76,MATCH(_xlfn.MINIFS(B67:B76,C67:C76,1),B67:B76,0)) -> S4 | N71: = | O71: =_xlfn.MINIFS(B67:B76,C67:C76,1) -> 0.80910909
A72: S6 | B72: 1.0814391 | C72: 1 | D72: =IF(C72=1,B72,NA()) -> 1.0814391 | E72: =IF(C72=2,B72,NA()) -> #N/A
A73: S7 | B73: -1.9627812 | C73: 2 | D73: =IF(C73=1,B73,NA()) -> #N/A | E73: =IF(C73=2,B73,NA()) -> -1.9627812 | K73: =_xlfn.MINIFS(B67:B76,C67:C76,1)-_xlfn.MAXIFS(B67:B76,C67:C76,2) -> 1.9905541
A74: S8 | B74: -1.181445 | C74: 2 | D74: =IF(C74=1,B74,NA()) -> #N/A | E74: =IF(C74=2,B74,NA()) -> -1.181445 | J74: Margin width
A75: S9 | B75: -1.9056239 | C75: 2 | D75: =IF(C75=1,B75,NA()) -> #N/A | E75: =IF(C75=2,B75,NA()) -> -1.9056239
A76: S10 | B76: -1.9056239 | C76: 2 | D76: =IF(C76=1,B76,NA()) -> #N/A | E76: =IF(C76=2,B76,NA()) -> -1.9056239
A84: Additional (Latent) Training Dataset [Heart + Disease (10, 13, 2)] | G84: Margin without Majorizer Functions | J84: Additional (Latent) Training Dataset [Heart + Disease (10, 13, 2)]
A85: № | F85: Class | J85: № | O85: Class
B86: 0.67119378 | C86: 0.72746564 | D86: 0.82256508 | E86: 1.1487064 | F86: 2 | K86: 0.29158565 | L86: 0.26083993 | M86: 0.009848603 | N86: 0.074825815 | O86: 1
B87: 0.29158565 | C87: 0.26083993 | D87: 0.009848603 | E87: 0.074825815 | F87: 1 | K87: 0.19460648 | L87: -0.022605787 | M87: 0.10688613 | N87: -0.017625798 | O87: 1
B88: -0.78268684 | C88: -1.7295926 | D88: -2.5161597 | E88: -4.4937384 | F88: 2 | K88: 0.29158565 | L88: 0.26083993 | M88: 0.24577453 | N88: 0.19042952 | O88: 1
B89: 0.19460648 | C89: -0.022605787 | D89: 0.10688613 | E89: -0.017625798 | F89: 1 | K89: 0.19460648 | L89: 0.21332014 | M89: 0.22248983 | N89: 0.039020017 | O89: 1
B90: 0.29158565 | C90: 0.26083993 | D90: 0.24577453 | E90: 0.19042952 | F90: 1 | K90: 0.67119378 | L90: 0.72746564 | M90: 0.82256508 | N90: 1.1487064 | O90: 2
B91: 0.19460648 | C91: 0.21332014 | D91: 0.22248983 | E91: 0.039020017 | F91: 1 | K91: -0.78268684 | L91: -1.7295926 | M91: -2.5161597 | N91: -4.4937384 | O91: 2
B92: -0.78268684 | C92: -1.7295926 | D92: -3.3298634 | E92: -5.8688977 | F92: 2 | K92: -0.78268684 | L92: -1.7295926 | M92: -3.3298634 | N92: -5.8688977 | O92: 2
B93: -1.117166 | C93: -1.4811587 | D93: -2.91001 | E93: -5.1593456 | F93: 2 | K93: -1.117166 | L93: -1.4811587 | M93: -2.91001 | N93: -5.1593456 | O93: 2
B94: -1.117166 | C94: -2.2948624 | D94: -4.2851693 | E94: -7.4833647 | F94: 2 | K94: -1.117166 | L94: -2.2948624 | M94: -4.2851693 | N94: -7.4833647 | O94: 2
B95: -1.117166 | C95: -2.2948624 | D95: -4.2851693 | E95: -7.0005076 | F95: 2 | K95: -1.117166 | L95: -2.2948624 | M95: -4.2851693 | N95: -7.0005076 | O95: 2
D100: Helper Columns for the Chart
A101: № | C101: Class | D101: Class 1 (X) | E101: Class 2 (X) | Q101: № | R101: Object Margin
A102: S1 | B102: 0.67119378 | C102: 2 | D102: =IF(C102=1,B102,NA()) -> #N/A | E102: =IF(C102=2,B102,NA()) -> 0.67119378 | J102: Decision boundary (Margin Midpoint) | Q102: S1 | R102: =IF(C102=1,1,-1)*(B102-$K$103) -> -0.23829365 | S102: =IF(B102>$K$20,1,2) -> 1
A103: S2 | B103: 0.29158565 | C103: 1 | D103: =IF(C103=1,B103,NA()) -> 0.29158565 | E103: =IF(C103=2,B103,NA()) -> #N/A | K103: =(_xlfn.MINIFS(B102:B111,C102:C111,1)+_xlfn.MAXIFS(B102:B111,C102:C111,2))/2 -> 0.43290013 | Q103: S2 | R103: =IF(C103=1,1,-1)*(B103-$K$103) -> -0.14131448 | S103: =IF(B103>$K$20,1,2) -> 1
A104: S3 | B104: -0.78268684 | C104: 2 | D104: =IF(C104=1,B104,NA()) -> #N/A | E104: =IF(C104=2,B104,NA()) -> -0.78268684 | Q104: S3 | R104: =IF(C104=1,1,-1)*(B104-$K$103) -> 1.215587 | S104: =IF(B104>$K$20,1,2) -> 2
A105: S4 | B105: 0.19460648 | C105: 1 | D105: =IF(C105=1,B105,NA()) -> 0.19460648 | E105: =IF(C105=2,B105,NA()) -> #N/A | G105: Left margin boundary | M105: Right margin boundary | Q105: S4 | R105: =IF(C105=1,1,-1)*(B105-$K$103) -> -0.23829365 | S105: =IF(B105>$K$20,1,2) -> 1
A106: S5 | B106: 0.29158565 | C106: 1 | D106: =IF(C106=1,B106,NA()) -> 0.29158565 | E106: =IF(C106=2,B106,NA()) -> #N/A | G106: =INDEX(A102:A111,MATCH(_xlfn.MAXIFS(B102:B111,C102:C111,2),B102:B111,0)) -> S1 | H106: = | I106: =_xlfn.MAXIFS(B102:B111,C102:C111,2) -> 0.67119378 | M106: =INDEX(A102:A111,MATCH(_xlfn.MINIFS(B102:B111,C102:C111,1),B102:B111,0)) -> S4 | N106: = | O106: =_xlfn.MINIFS(B102:B111,C102:C111,1) -> 0.19460648 | Q106: S5 | R106: =IF(C106=1,1,-1)*(B106-$K$103) -> -0.14131448 | S106: =IF(B106>$K$20,1,2) -> 1
A107: S6 | B107: 0.19460648 | C107: 1 | D107: =IF(C107=1,B107,NA()) -> 0.19460648 | E107: =IF(C107=2,B107,NA()) -> #N/A | M107: S6 | N107: = | O107: =_xlfn.MINIFS(B102:B111,C102:C111,1) -> 0.19460648 | Q107: S6 | R107: =IF(C107=1,1,-1)*(B107-$K$103) -> -0.23829365 | S107: =IF(B107>$K$20,1,2) -> 1
A108: S7 | B108: -0.78268684 | C108: 2 | D108: =IF(C108=1,B108,NA()) -> #N/A | E108: =IF(C108=2,B108,NA()) -> -0.78268684 | K108: =_xlfn.MINIFS(B102:B111,C102:C111,1)-_xlfn.MAXIFS(B102:B111,C102:C111,2) -> -0.4765873 | Q108: S7 | R108: =IF(C108=1,1,-1)*(B108-$K$103) -> 1.215587 | S108: =IF(B108>$K$20,1,2) -> 2
A109: S8 | B109: -1.117166 | C109: 2 | D109: =IF(C109=1,B109,NA()) -> #N/A | E109: =IF(C109=2,B109,NA()) -> -1.117166 | J109: Margin width | Q109: S8 | R109: =IF(C109=1,1,-1)*(B109-$K$103) -> 1.5500661 | S109: =IF(B109>$K$20,1,2) -> 2
A110: S9 | B110: -1.117166 | C110: 2 | D110: =IF(C110=1,B110,NA()) -> #N/A | E110: =IF(C110=2,B110,NA()) -> -1.117166 | Q110: S9 | R110: =IF(C110=1,1,-1)*(B110-$K$103) -> 1.5500661 | S110: =IF(B110>$K$20,1,2) -> 2
A111: S10 | B111: -1.117166 | C111: 2 | D111: =IF(C111=1,B111,NA()) -> #N/A | E111: =IF(C111=2,B111,NA()) -> -1.117166 | Q111: S10 | R111: =IF(C111=1,1,-1)*(B111-$K$103) -> 1.5500661 | S111: =IF(B111>$K$20,1,2) -> 2
D116: Helper Columns for the Chart
A117: № | C117: Class | D117: Class 1 (X) | E117: Class 2 (X)
A118: S1 | B118: 0.72746564 | C118: 2 | D118: =IF(C118=1,B118,NA()) -> #N/A | E118: =IF(C118=2,B118,NA()) -> 0.72746564 | J118: Decision boundary (Margin Midpoint)
A119: S2 | B119: 0.26083993 | C119: 1 | D119: =IF(C119=1,B119,NA()) -> 0.26083993 | E119: =IF(C119=2,B119,NA()) -> #N/A | K119: =(_xlfn.MINIFS(B118:B127,C118:C127,1)+_xlfn.MAXIFS(B118:B127,C118:C127,2))/2 -> 0.35242993
A120: S3 | B120: -1.7295926 | C120: 2 | D120: =IF(C120=1,B120,NA()) -> #N/A | E120: =IF(C120=2,B120,NA()) -> -1.7295926
A121: S4 | B121: -0.022605787 | C121: 1 | D121: =IF(C121=1,B121,NA()) -> -0.022605787 | E121: =IF(C121=2,B121,NA()) -> #N/A | G121: Left margin boundary | M121: Right margin boundary
A122: S5 | B122: 0.26083993 | C122: 1 | D122: =IF(C122=1,B122,NA()) -> 0.26083993 | E122: =IF(C122=2,B122,NA()) -> #N/A | G122: =INDEX(A118:A127,MATCH(_xlfn.MAXIFS(B118:B127,C118:C127,2),B118:B127,0)) -> S1 | H122: = | I122: =_xlfn.MAXIFS(B118:B127,C118:C127,2) -> 0.72746564 | M122: =INDEX(A118:A127,MATCH(_xlfn.MINIFS(B118:B127,C118:C127,1),B118:B127,0)) -> S4 | N122: = | O122: =_xlfn.MINIFS(B118:B127,C118:C127,1) -> -0.022605787
A123: S6 | B123: 0.21332014 | C123: 1 | D123: =IF(C123=1,B123,NA()) -> 0.21332014 | E123: =IF(C123=2,B123,NA()) -> #N/A
A124: S7 | B124: -1.7295926 | C124: 2 | D124: =IF(C124=1,B124,NA()) -> #N/A | E124: =IF(C124=2,B124,NA()) -> -1.7295926 | K124: =_xlfn.MINIFS(B118:B127,C118:C127,1)-_xlfn.MAXIFS(B118:B127,C118:C127,2) -> -0.75007143
A125: S8 | B125: -1.4811587 | C125: 2 | D125: =IF(C125=1,B125,NA()) -> #N/A | E125: =IF(C125=2,B125,NA()) -> -1.4811587 | J125: Margin width
A126: S9 | B126: -2.2948624 | C126: 2 | D126: =IF(C126=1,B126,NA()) -> #N/A | E126: =IF(C126=2,B126,NA()) -> -2.2948624
A127: S10 | B127: -2.2948624 | C127: 2 | D127: =IF(C127=1,B127,NA()) -> #N/A | E127: =IF(C127=2,B127,NA()) -> -2.2948624
D132: Helper Columns for the Chart
A133: № | C133: Class | D133: Class 1 (X) | E133: Class 2 (X)
A134: S1 | B134: 0.82256508 | C134: 2 | D134: =IF(C134=1,B134,NA()) -> #N/A | E134: =IF(C134=2,B134,NA()) -> 0.82256508 | J134: Decision boundary (Margin Midpoint)
A135: S2 | B135: 0.009848603 | C135: 1 | D135: =IF(C135=1,B135,NA()) -> 0.009848603 | E135: =IF(C135=2,B135,NA()) -> #N/A | K135: =(_xlfn.MINIFS(B134:B143,C134:C143,1)+_xlfn.MAXIFS(B134:B143,C134:C143,2))/2 -> 0.41620684
...

Sheet Accuracy
A1: Accuracy

Sheet Confusion Matrix

Sheet Precision, Recall, F1 Score

Sheet ROC Curve & AUC
